// Generated from Python's Unicode 16.0 data; its license is bundled in
// THIRD_PARTY_LICENSES.txt. Regenerate with py/generate_boundary_fixtures.py.

use unicode_normalization::UNICODE_VERSION as NORMALIZATION_VERSION;

const _: () = {
    assert!(NORMALIZATION_VERSION.0 == 16);
    assert!(NORMALIZATION_VERSION.1 == 0);
    assert!(NORMALIZATION_VERSION.2 == 0);
};

const ALPHA: u16 = 1;
const ALNUM: u16 = 2;
const LOWER: u16 = 4;
const UPPER: u16 = 8;
const CASED: u16 = 16;
const SPACE: u16 = 32;
const SEPARATOR: u16 = 64;
const MARK: u16 = 128;
const DIGIT: u16 = 256;

const PROPERTIES: &[(u32, u32, u16)] = &[
    (0x9, 0xd, 0x20),
    (0x1c, 0x20, 0x20),
    (0x21, 0x2f, 0x40),
    (0x30, 0x39, 0x102),
    (0x3a, 0x40, 0x40),
    (0x41, 0x5a, 0x1b),
    (0x5b, 0x60, 0x40),
    (0x61, 0x7a, 0x17),
    (0x7b, 0x7e, 0x40),
    (0x85, 0x85, 0x20),
    (0xa0, 0xa0, 0x20),
    (0xa1, 0xa9, 0x40),
    (0xaa, 0xaa, 0x7),
    (0xab, 0xac, 0x40),
    (0xae, 0xb1, 0x40),
    (0xb2, 0xb3, 0x102),
    (0xb4, 0xb4, 0x40),
    (0xb5, 0xb5, 0x17),
    (0xb6, 0xb8, 0x40),
    (0xb9, 0xb9, 0x102),
    (0xba, 0xba, 0x7),
    (0xbb, 0xbb, 0x40),
    (0xbc, 0xbe, 0x2),
    (0xbf, 0xbf, 0x40),
    (0xc0, 0xd6, 0x1b),
    (0xd7, 0xd7, 0x40),
    (0xd8, 0xde, 0x1b),
    (0xdf, 0xf6, 0x17),
    (0xf7, 0xf7, 0x40),
    (0xf8, 0xff, 0x17),
    (0x100, 0x100, 0x1b),
    (0x101, 0x101, 0x17),
    (0x102, 0x102, 0x1b),
    (0x103, 0x103, 0x17),
    (0x104, 0x104, 0x1b),
    (0x105, 0x105, 0x17),
    (0x106, 0x106, 0x1b),
    (0x107, 0x107, 0x17),
    (0x108, 0x108, 0x1b),
    (0x109, 0x109, 0x17),
    (0x10a, 0x10a, 0x1b),
    (0x10b, 0x10b, 0x17),
    (0x10c, 0x10c, 0x1b),
    (0x10d, 0x10d, 0x17),
    (0x10e, 0x10e, 0x1b),
    (0x10f, 0x10f, 0x17),
    (0x110, 0x110, 0x1b),
    (0x111, 0x111, 0x17),
    (0x112, 0x112, 0x1b),
    (0x113, 0x113, 0x17),
    (0x114, 0x114, 0x1b),
    (0x115, 0x115, 0x17),
    (0x116, 0x116, 0x1b),
    (0x117, 0x117, 0x17),
    (0x118, 0x118, 0x1b),
    (0x119, 0x119, 0x17),
    (0x11a, 0x11a, 0x1b),
    (0x11b, 0x11b, 0x17),
    (0x11c, 0x11c, 0x1b),
    (0x11d, 0x11d, 0x17),
    (0x11e, 0x11e, 0x1b),
    (0x11f, 0x11f, 0x17),
    (0x120, 0x120, 0x1b),
    (0x121, 0x121, 0x17),
    (0x122, 0x122, 0x1b),
    (0x123, 0x123, 0x17),
    (0x124, 0x124, 0x1b),
    (0x125, 0x125, 0x17),
    (0x126, 0x126, 0x1b),
    (0x127, 0x127, 0x17),
    (0x128, 0x128, 0x1b),
    (0x129, 0x129, 0x17),
    (0x12a, 0x12a, 0x1b),
    (0x12b, 0x12b, 0x17),
    (0x12c, 0x12c, 0x1b),
    (0x12d, 0x12d, 0x17),
    (0x12e, 0x12e, 0x1b),
    (0x12f, 0x12f, 0x17),
    (0x130, 0x130, 0x1b),
    (0x131, 0x131, 0x17),
    (0x132, 0x132, 0x1b),
    (0x133, 0x133, 0x17),
    (0x134, 0x134, 0x1b),
    (0x135, 0x135, 0x17),
    (0x136, 0x136, 0x1b),
    (0x137, 0x137, 0x17),
    (0x138, 0x138, 0x7),
    (0x139, 0x139, 0x1b),
    (0x13a, 0x13a, 0x17),
    (0x13b, 0x13b, 0x1b),
    (0x13c, 0x13c, 0x17),
    (0x13d, 0x13d, 0x1b),
    (0x13e, 0x13e, 0x17),
    (0x13f, 0x13f, 0x1b),
    (0x140, 0x140, 0x17),
    (0x141, 0x141, 0x1b),
    (0x142, 0x142, 0x17),
    (0x143, 0x143, 0x1b),
    (0x144, 0x144, 0x17),
    (0x145, 0x145, 0x1b),
    (0x146, 0x146, 0x17),
    (0x147, 0x147, 0x1b),
    (0x148, 0x149, 0x17),
    (0x14a, 0x14a, 0x1b),
    (0x14b, 0x14b, 0x17),
    (0x14c, 0x14c, 0x1b),
    (0x14d, 0x14d, 0x17),
    (0x14e, 0x14e, 0x1b),
    (0x14f, 0x14f, 0x17),
    (0x150, 0x150, 0x1b),
    (0x151, 0x151, 0x17),
    (0x152, 0x152, 0x1b),
    (0x153, 0x153, 0x17),
    (0x154, 0x154, 0x1b),
    (0x155, 0x155, 0x17),
    (0x156, 0x156, 0x1b),
    (0x157, 0x157, 0x17),
    (0x158, 0x158, 0x1b),
    (0x159, 0x159, 0x17),
    (0x15a, 0x15a, 0x1b),
    (0x15b, 0x15b, 0x17),
    (0x15c, 0x15c, 0x1b),
    (0x15d, 0x15d, 0x17),
    (0x15e, 0x15e, 0x1b),
    (0x15f, 0x15f, 0x17),
    (0x160, 0x160, 0x1b),
    (0x161, 0x161, 0x17),
    (0x162, 0x162, 0x1b),
    (0x163, 0x163, 0x17),
    (0x164, 0x164, 0x1b),
    (0x165, 0x165, 0x17),
    (0x166, 0x166, 0x1b),
    (0x167, 0x167, 0x17),
    (0x168, 0x168, 0x1b),
    (0x169, 0x169, 0x17),
    (0x16a, 0x16a, 0x1b),
    (0x16b, 0x16b, 0x17),
    (0x16c, 0x16c, 0x1b),
    (0x16d, 0x16d, 0x17),
    (0x16e, 0x16e, 0x1b),
    (0x16f, 0x16f, 0x17),
    (0x170, 0x170, 0x1b),
    (0x171, 0x171, 0x17),
    (0x172, 0x172, 0x1b),
    (0x173, 0x173, 0x17),
    (0x174, 0x174, 0x1b),
    (0x175, 0x175, 0x17),
    (0x176, 0x176, 0x1b),
    (0x177, 0x177, 0x17),
    (0x178, 0x179, 0x1b),
    (0x17a, 0x17a, 0x17),
    (0x17b, 0x17b, 0x1b),
    (0x17c, 0x17c, 0x17),
    (0x17d, 0x17d, 0x1b),
    (0x17e, 0x180, 0x17),
    (0x181, 0x182, 0x1b),
    (0x183, 0x183, 0x17),
    (0x184, 0x184, 0x1b),
    (0x185, 0x185, 0x17),
    (0x186, 0x187, 0x1b),
    (0x188, 0x188, 0x17),
    (0x189, 0x18b, 0x1b),
    (0x18c, 0x18c, 0x17),
    (0x18d, 0x18d, 0x7),
    (0x18e, 0x191, 0x1b),
    (0x192, 0x192, 0x17),
    (0x193, 0x194, 0x1b),
    (0x195, 0x195, 0x17),
    (0x196, 0x198, 0x1b),
    (0x199, 0x19b, 0x17),
    (0x19c, 0x19d, 0x1b),
    (0x19e, 0x19e, 0x17),
    (0x19f, 0x1a0, 0x1b),
    (0x1a1, 0x1a1, 0x17),
    (0x1a2, 0x1a2, 0x1b),
    (0x1a3, 0x1a3, 0x17),
    (0x1a4, 0x1a4, 0x1b),
    (0x1a5, 0x1a5, 0x17),
    (0x1a6, 0x1a7, 0x1b),
    (0x1a8, 0x1a8, 0x17),
    (0x1a9, 0x1a9, 0x1b),
    (0x1aa, 0x1ab, 0x7),
    (0x1ac, 0x1ac, 0x1b),
    (0x1ad, 0x1ad, 0x17),
    (0x1ae, 0x1af, 0x1b),
    (0x1b0, 0x1b0, 0x17),
    (0x1b1, 0x1b3, 0x1b),
    (0x1b4, 0x1b4, 0x17),
    (0x1b5, 0x1b5, 0x1b),
    (0x1b6, 0x1b6, 0x17),
    (0x1b7, 0x1b8, 0x1b),
    (0x1b9, 0x1b9, 0x17),
    (0x1ba, 0x1ba, 0x7),
    (0x1bb, 0x1bb, 0x3),
    (0x1bc, 0x1bc, 0x1b),
    (0x1bd, 0x1bd, 0x17),
    (0x1be, 0x1be, 0x7),
    (0x1bf, 0x1bf, 0x17),
    (0x1c0, 0x1c3, 0x3),
    (0x1c4, 0x1c4, 0x1b),
    (0x1c5, 0x1c5, 0x13),
    (0x1c6, 0x1c6, 0x17),
    (0x1c7, 0x1c7, 0x1b),
    (0x1c8, 0x1c8, 0x13),
    (0x1c9, 0x1c9, 0x17),
    (0x1ca, 0x1ca, 0x1b),
    (0x1cb, 0x1cb, 0x13),
    (0x1cc, 0x1cc, 0x17),
    (0x1cd, 0x1cd, 0x1b),
    (0x1ce, 0x1ce, 0x17),
    (0x1cf, 0x1cf, 0x1b),
    (0x1d0, 0x1d0, 0x17),
    (0x1d1, 0x1d1, 0x1b),
    (0x1d2, 0x1d2, 0x17),
    (0x1d3, 0x1d3, 0x1b),
    (0x1d4, 0x1d4, 0x17),
    (0x1d5, 0x1d5, 0x1b),
    (0x1d6, 0x1d6, 0x17),
    (0x1d7, 0x1d7, 0x1b),
    (0x1d8, 0x1d8, 0x17),
    (0x1d9, 0x1d9, 0x1b),
    (0x1da, 0x1da, 0x17),
    (0x1db, 0x1db, 0x1b),
    (0x1dc, 0x1dd, 0x17),
    (0x1de, 0x1de, 0x1b),
    (0x1df, 0x1df, 0x17),
    (0x1e0, 0x1e0, 0x1b),
    (0x1e1, 0x1e1, 0x17),
    (0x1e2, 0x1e2, 0x1b),
    (0x1e3, 0x1e3, 0x17),
    (0x1e4, 0x1e4, 0x1b),
    (0x1e5, 0x1e5, 0x17),
    (0x1e6, 0x1e6, 0x1b),
    (0x1e7, 0x1e7, 0x17),
    (0x1e8, 0x1e8, 0x1b),
    (0x1e9, 0x1e9, 0x17),
    (0x1ea, 0x1ea, 0x1b),
    (0x1eb, 0x1eb, 0x17),
    (0x1ec, 0x1ec, 0x1b),
    (0x1ed, 0x1ed, 0x17),
    (0x1ee, 0x1ee, 0x1b),
    (0x1ef, 0x1f0, 0x17),
    (0x1f1, 0x1f1, 0x1b),
    (0x1f2, 0x1f2, 0x13),
    (0x1f3, 0x1f3, 0x17),
    (0x1f4, 0x1f4, 0x1b),
    (0x1f5, 0x1f5, 0x17),
    (0x1f6, 0x1f8, 0x1b),
    (0x1f9, 0x1f9, 0x17),
    (0x1fa, 0x1fa, 0x1b),
    (0x1fb, 0x1fb, 0x17),
    (0x1fc, 0x1fc, 0x1b),
    (0x1fd, 0x1fd, 0x17),
    (0x1fe, 0x1fe, 0x1b),
    (0x1ff, 0x1ff, 0x17),
    (0x200, 0x200, 0x1b),
    (0x201, 0x201, 0x17),
    (0x202, 0x202, 0x1b),
    (0x203, 0x203, 0x17),
    (0x204, 0x204, 0x1b),
    (0x205, 0x205, 0x17),
    (0x206, 0x206, 0x1b),
    (0x207, 0x207, 0x17),
    (0x208, 0x208, 0x1b),
    (0x209, 0x209, 0x17),
    (0x20a, 0x20a, 0x1b),
    (0x20b, 0x20b, 0x17),
    (0x20c, 0x20c, 0x1b),
    (0x20d, 0x20d, 0x17),
    (0x20e, 0x20e, 0x1b),
    (0x20f, 0x20f, 0x17),
    (0x210, 0x210, 0x1b),
    (0x211, 0x211, 0x17),
    (0x212, 0x212, 0x1b),
    (0x213, 0x213, 0x17),
    (0x214, 0x214, 0x1b),
    (0x215, 0x215, 0x17),
    (0x216, 0x216, 0x1b),
    (0x217, 0x217, 0x17),
    (0x218, 0x218, 0x1b),
    (0x219, 0x219, 0x17),
    (0x21a, 0x21a, 0x1b),
    (0x21b, 0x21b, 0x17),
    (0x21c, 0x21c, 0x1b),
    (0x21d, 0x21d, 0x17),
    (0x21e, 0x21e, 0x1b),
    (0x21f, 0x21f, 0x17),
    (0x220, 0x220, 0x1b),
    (0x221, 0x221, 0x7),
    (0x222, 0x222, 0x1b),
    (0x223, 0x223, 0x17),
    (0x224, 0x224, 0x1b),
    (0x225, 0x225, 0x17),
    (0x226, 0x226, 0x1b),
    (0x227, 0x227, 0x17),
    (0x228, 0x228, 0x1b),
    (0x229, 0x229, 0x17),
    (0x22a, 0x22a, 0x1b),
    (0x22b, 0x22b, 0x17),
    (0x22c, 0x22c, 0x1b),
    (0x22d, 0x22d, 0x17),
    (0x22e, 0x22e, 0x1b),
    (0x22f, 0x22f, 0x17),
    (0x230, 0x230, 0x1b),
    (0x231, 0x231, 0x17),
    (0x232, 0x232, 0x1b),
    (0x233, 0x233, 0x17),
    (0x234, 0x239, 0x7),
    (0x23a, 0x23b, 0x1b),
    (0x23c, 0x23c, 0x17),
    (0x23d, 0x23e, 0x1b),
    (0x23f, 0x240, 0x17),
    (0x241, 0x241, 0x1b),
    (0x242, 0x242, 0x17),
    (0x243, 0x246, 0x1b),
    (0x247, 0x247, 0x17),
    (0x248, 0x248, 0x1b),
    (0x249, 0x249, 0x17),
    (0x24a, 0x24a, 0x1b),
    (0x24b, 0x24b, 0x17),
    (0x24c, 0x24c, 0x1b),
    (0x24d, 0x24d, 0x17),
    (0x24e, 0x24e, 0x1b),
    (0x24f, 0x254, 0x17),
    (0x255, 0x255, 0x7),
    (0x256, 0x257, 0x17),
    (0x258, 0x258, 0x7),
    (0x259, 0x259, 0x17),
    (0x25a, 0x25a, 0x7),
    (0x25b, 0x25c, 0x17),
    (0x25d, 0x25f, 0x7),
    (0x260, 0x261, 0x17),
    (0x262, 0x262, 0x7),
    (0x263, 0x266, 0x17),
    (0x267, 0x267, 0x7),
    (0x268, 0x26c, 0x17),
    (0x26d, 0x26e, 0x7),
    (0x26f, 0x26f, 0x17),
    (0x270, 0x270, 0x7),
    (0x271, 0x272, 0x17),
    (0x273, 0x274, 0x7),
    (0x275, 0x275, 0x17),
    (0x276, 0x27c, 0x7),
    (0x27d, 0x27d, 0x17),
    (0x27e, 0x27f, 0x7),
    (0x280, 0x280, 0x17),
    (0x281, 0x281, 0x7),
    (0x282, 0x283, 0x17),
    (0x284, 0x286, 0x7),
    (0x287, 0x28c, 0x17),
    (0x28d, 0x291, 0x7),
    (0x292, 0x292, 0x17),
    (0x293, 0x293, 0x7),
    (0x294, 0x294, 0x3),
    (0x295, 0x29c, 0x7),
    (0x29d, 0x29e, 0x17),
    (0x29f, 0x2b8, 0x7),
    (0x2b9, 0x2bf, 0x3),
    (0x2c0, 0x2c1, 0x7),
    (0x2c2, 0x2c5, 0x40),
    (0x2c6, 0x2d1, 0x3),
    (0x2d2, 0x2df, 0x40),
    (0x2e0, 0x2e4, 0x7),
    (0x2e5, 0x2eb, 0x40),
    (0x2ec, 0x2ec, 0x3),
    (0x2ed, 0x2ed, 0x40),
    (0x2ee, 0x2ee, 0x3),
    (0x2ef, 0x2ff, 0x40),
    (0x300, 0x344, 0x80),
    (0x345, 0x345, 0x94),
    (0x346, 0x36f, 0x80),
    (0x370, 0x370, 0x1b),
    (0x371, 0x371, 0x17),
    (0x372, 0x372, 0x1b),
    (0x373, 0x373, 0x17),
    (0x374, 0x374, 0x3),
    (0x375, 0x375, 0x40),
    (0x376, 0x376, 0x1b),
    (0x377, 0x377, 0x17),
    (0x37a, 0x37a, 0x7),
    (0x37b, 0x37d, 0x17),
    (0x37e, 0x37e, 0x40),
    (0x37f, 0x37f, 0x1b),
    (0x384, 0x385, 0x40),
    (0x386, 0x386, 0x1b),
    (0x387, 0x387, 0x40),
    (0x388, 0x38a, 0x1b),
    (0x38c, 0x38c, 0x1b),
    (0x38e, 0x38f, 0x1b),
    (0x390, 0x390, 0x17),
    (0x391, 0x3a1, 0x1b),
    (0x3a3, 0x3ab, 0x1b),
    (0x3ac, 0x3ce, 0x17),
    (0x3cf, 0x3cf, 0x1b),
    (0x3d0, 0x3d1, 0x17),
    (0x3d2, 0x3d4, 0xb),
    (0x3d5, 0x3d7, 0x17),
    (0x3d8, 0x3d8, 0x1b),
    (0x3d9, 0x3d9, 0x17),
    (0x3da, 0x3da, 0x1b),
    (0x3db, 0x3db, 0x17),
    (0x3dc, 0x3dc, 0x1b),
    (0x3dd, 0x3dd, 0x17),
    (0x3de, 0x3de, 0x1b),
    (0x3df, 0x3df, 0x17),
    (0x3e0, 0x3e0, 0x1b),
    (0x3e1, 0x3e1, 0x17),
    (0x3e2, 0x3e2, 0x1b),
    (0x3e3, 0x3e3, 0x17),
    (0x3e4, 0x3e4, 0x1b),
    (0x3e5, 0x3e5, 0x17),
    (0x3e6, 0x3e6, 0x1b),
    (0x3e7, 0x3e7, 0x17),
    (0x3e8, 0x3e8, 0x1b),
    (0x3e9, 0x3e9, 0x17),
    (0x3ea, 0x3ea, 0x1b),
    (0x3eb, 0x3eb, 0x17),
    (0x3ec, 0x3ec, 0x1b),
    (0x3ed, 0x3ed, 0x17),
    (0x3ee, 0x3ee, 0x1b),
    (0x3ef, 0x3f3, 0x17),
    (0x3f4, 0x3f4, 0x1b),
    (0x3f5, 0x3f5, 0x17),
    (0x3f6, 0x3f6, 0x40),
    (0x3f7, 0x3f7, 0x1b),
    (0x3f8, 0x3f8, 0x17),
    (0x3f9, 0x3fa, 0x1b),
    (0x3fb, 0x3fb, 0x17),
    (0x3fc, 0x3fc, 0x7),
    (0x3fd, 0x42f, 0x1b),
    (0x430, 0x45f, 0x17),
    (0x460, 0x460, 0x1b),
    (0x461, 0x461, 0x17),
    (0x462, 0x462, 0x1b),
    (0x463, 0x463, 0x17),
    (0x464, 0x464, 0x1b),
    (0x465, 0x465, 0x17),
    (0x466, 0x466, 0x1b),
    (0x467, 0x467, 0x17),
    (0x468, 0x468, 0x1b),
    (0x469, 0x469, 0x17),
    (0x46a, 0x46a, 0x1b),
    (0x46b, 0x46b, 0x17),
    (0x46c, 0x46c, 0x1b),
    (0x46d, 0x46d, 0x17),
    (0x46e, 0x46e, 0x1b),
    (0x46f, 0x46f, 0x17),
    (0x470, 0x470, 0x1b),
    (0x471, 0x471, 0x17),
    (0x472, 0x472, 0x1b),
    (0x473, 0x473, 0x17),
    (0x474, 0x474, 0x1b),
    (0x475, 0x475, 0x17),
    (0x476, 0x476, 0x1b),
    (0x477, 0x477, 0x17),
    (0x478, 0x478, 0x1b),
    (0x479, 0x479, 0x17),
    (0x47a, 0x47a, 0x1b),
    (0x47b, 0x47b, 0x17),
    (0x47c, 0x47c, 0x1b),
    (0x47d, 0x47d, 0x17),
    (0x47e, 0x47e, 0x1b),
    (0x47f, 0x47f, 0x17),
    (0x480, 0x480, 0x1b),
    (0x481, 0x481, 0x17),
    (0x482, 0x482, 0x40),
    (0x483, 0x489, 0x80),
    (0x48a, 0x48a, 0x1b),
    (0x48b, 0x48b, 0x17),
    (0x48c, 0x48c, 0x1b),
    (0x48d, 0x48d, 0x17),
    (0x48e, 0x48e, 0x1b),
    (0x48f, 0x48f, 0x17),
    (0x490, 0x490, 0x1b),
    (0x491, 0x491, 0x17),
    (0x492, 0x492, 0x1b),
    (0x493, 0x493, 0x17),
    (0x494, 0x494, 0x1b),
    (0x495, 0x495, 0x17),
    (0x496, 0x496, 0x1b),
    (0x497, 0x497, 0x17),
    (0x498, 0x498, 0x1b),
    (0x499, 0x499, 0x17),
    (0x49a, 0x49a, 0x1b),
    (0x49b, 0x49b, 0x17),
    (0x49c, 0x49c, 0x1b),
    (0x49d, 0x49d, 0x17),
    (0x49e, 0x49e, 0x1b),
    (0x49f, 0x49f, 0x17),
    (0x4a0, 0x4a0, 0x1b),
    (0x4a1, 0x4a1, 0x17),
    (0x4a2, 0x4a2, 0x1b),
    (0x4a3, 0x4a3, 0x17),
    (0x4a4, 0x4a4, 0x1b),
    (0x4a5, 0x4a5, 0x17),
    (0x4a6, 0x4a6, 0x1b),
    (0x4a7, 0x4a7, 0x17),
    (0x4a8, 0x4a8, 0x1b),
    (0x4a9, 0x4a9, 0x17),
    (0x4aa, 0x4aa, 0x1b),
    (0x4ab, 0x4ab, 0x17),
    (0x4ac, 0x4ac, 0x1b),
    (0x4ad, 0x4ad, 0x17),
    (0x4ae, 0x4ae, 0x1b),
    (0x4af, 0x4af, 0x17),
    (0x4b0, 0x4b0, 0x1b),
    (0x4b1, 0x4b1, 0x17),
    (0x4b2, 0x4b2, 0x1b),
    (0x4b3, 0x4b3, 0x17),
    (0x4b4, 0x4b4, 0x1b),
    (0x4b5, 0x4b5, 0x17),
    (0x4b6, 0x4b6, 0x1b),
    (0x4b7, 0x4b7, 0x17),
    (0x4b8, 0x4b8, 0x1b),
    (0x4b9, 0x4b9, 0x17),
    (0x4ba, 0x4ba, 0x1b),
    (0x4bb, 0x4bb, 0x17),
    (0x4bc, 0x4bc, 0x1b),
    (0x4bd, 0x4bd, 0x17),
    (0x4be, 0x4be, 0x1b),
    (0x4bf, 0x4bf, 0x17),
    (0x4c0, 0x4c1, 0x1b),
    (0x4c2, 0x4c2, 0x17),
    (0x4c3, 0x4c3, 0x1b),
    (0x4c4, 0x4c4, 0x17),
    (0x4c5, 0x4c5, 0x1b),
    (0x4c6, 0x4c6, 0x17),
    (0x4c7, 0x4c7, 0x1b),
    (0x4c8, 0x4c8, 0x17),
    (0x4c9, 0x4c9, 0x1b),
    (0x4ca, 0x4ca, 0x17),
    (0x4cb, 0x4cb, 0x1b),
    (0x4cc, 0x4cc, 0x17),
    (0x4cd, 0x4cd, 0x1b),
    (0x4ce, 0x4cf, 0x17),
    (0x4d0, 0x4d0, 0x1b),
    (0x4d1, 0x4d1, 0x17),
    (0x4d2, 0x4d2, 0x1b),
    (0x4d3, 0x4d3, 0x17),
    (0x4d4, 0x4d4, 0x1b),
    (0x4d5, 0x4d5, 0x17),
    (0x4d6, 0x4d6, 0x1b),
    (0x4d7, 0x4d7, 0x17),
    (0x4d8, 0x4d8, 0x1b),
    (0x4d9, 0x4d9, 0x17),
    (0x4da, 0x4da, 0x1b),
    (0x4db, 0x4db, 0x17),
    (0x4dc, 0x4dc, 0x1b),
    (0x4dd, 0x4dd, 0x17),
    (0x4de, 0x4de, 0x1b),
    (0x4df, 0x4df, 0x17),
    (0x4e0, 0x4e0, 0x1b),
    (0x4e1, 0x4e1, 0x17),
    (0x4e2, 0x4e2, 0x1b),
    (0x4e3, 0x4e3, 0x17),
    (0x4e4, 0x4e4, 0x1b),
    (0x4e5, 0x4e5, 0x17),
    (0x4e6, 0x4e6, 0x1b),
    (0x4e7, 0x4e7, 0x17),
    (0x4e8, 0x4e8, 0x1b),
    (0x4e9, 0x4e9, 0x17),
    (0x4ea, 0x4ea, 0x1b),
    (0x4eb, 0x4eb, 0x17),
    (0x4ec, 0x4ec, 0x1b),
    (0x4ed, 0x4ed, 0x17),
    (0x4ee, 0x4ee, 0x1b),
    (0x4ef, 0x4ef, 0x17),
    (0x4f0, 0x4f0, 0x1b),
    (0x4f1, 0x4f1, 0x17),
    (0x4f2, 0x4f2, 0x1b),
    (0x4f3, 0x4f3, 0x17),
    (0x4f4, 0x4f4, 0x1b),
    (0x4f5, 0x4f5, 0x17),
    (0x4f6, 0x4f6, 0x1b),
    (0x4f7, 0x4f7, 0x17),
    (0x4f8, 0x4f8, 0x1b),
    (0x4f9, 0x4f9, 0x17),
    (0x4fa, 0x4fa, 0x1b),
    (0x4fb, 0x4fb, 0x17),
    (0x4fc, 0x4fc, 0x1b),
    (0x4fd, 0x4fd, 0x17),
    (0x4fe, 0x4fe, 0x1b),
    (0x4ff, 0x4ff, 0x17),
    (0x500, 0x500, 0x1b),
    (0x501, 0x501, 0x17),
    (0x502, 0x502, 0x1b),
    (0x503, 0x503, 0x17),
    (0x504, 0x504, 0x1b),
    (0x505, 0x505, 0x17),
    (0x506, 0x506, 0x1b),
    (0x507, 0x507, 0x17),
    (0x508, 0x508, 0x1b),
    (0x509, 0x509, 0x17),
    (0x50a, 0x50a, 0x1b),
    (0x50b, 0x50b, 0x17),
    (0x50c, 0x50c, 0x1b),
    (0x50d, 0x50d, 0x17),
    (0x50e, 0x50e, 0x1b),
    (0x50f, 0x50f, 0x17),
    (0x510, 0x510, 0x1b),
    (0x511, 0x511, 0x17),
    (0x512, 0x512, 0x1b),
    (0x513, 0x513, 0x17),
    (0x514, 0x514, 0x1b),
    (0x515, 0x515, 0x17),
    (0x516, 0x516, 0x1b),
    (0x517, 0x517, 0x17),
    (0x518, 0x518, 0x1b),
    (0x519, 0x519, 0x17),
    (0x51a, 0x51a, 0x1b),
    (0x51b, 0x51b, 0x17),
    (0x51c, 0x51c, 0x1b),
    (0x51d, 0x51d, 0x17),
    (0x51e, 0x51e, 0x1b),
    (0x51f, 0x51f, 0x17),
    (0x520, 0x520, 0x1b),
    (0x521, 0x521, 0x17),
    (0x522, 0x522, 0x1b),
    (0x523, 0x523, 0x17),
    (0x524, 0x524, 0x1b),
    (0x525, 0x525, 0x17),
    (0x526, 0x526, 0x1b),
    (0x527, 0x527, 0x17),
    (0x528, 0x528, 0x1b),
    (0x529, 0x529, 0x17),
    (0x52a, 0x52a, 0x1b),
    (0x52b, 0x52b, 0x17),
    (0x52c, 0x52c, 0x1b),
    (0x52d, 0x52d, 0x17),
    (0x52e, 0x52e, 0x1b),
    (0x52f, 0x52f, 0x17),
    (0x531, 0x556, 0x1b),
    (0x559, 0x559, 0x3),
    (0x55a, 0x55f, 0x40),
    (0x560, 0x560, 0x7),
    (0x561, 0x587, 0x17),
    (0x588, 0x588, 0x7),
    (0x589, 0x58a, 0x40),
    (0x58d, 0x58f, 0x40),
    (0x591, 0x5bd, 0x80),
    (0x5be, 0x5be, 0x40),
    (0x5bf, 0x5bf, 0x80),
    (0x5c0, 0x5c0, 0x40),
    (0x5c1, 0x5c2, 0x80),
    (0x5c3, 0x5c3, 0x40),
    (0x5c4, 0x5c5, 0x80),
    (0x5c6, 0x5c6, 0x40),
    (0x5c7, 0x5c7, 0x80),
    (0x5d0, 0x5ea, 0x3),
    (0x5ef, 0x5f2, 0x3),
    (0x5f3, 0x5f4, 0x40),
    (0x606, 0x60f, 0x40),
    (0x610, 0x61a, 0x80),
    (0x61b, 0x61b, 0x40),
    (0x61d, 0x61f, 0x40),
    (0x620, 0x64a, 0x3),
    (0x64b, 0x65f, 0x80),
    (0x660, 0x669, 0x102),
    (0x66a, 0x66d, 0x40),
    (0x66e, 0x66f, 0x3),
    (0x670, 0x670, 0x80),
    (0x671, 0x6d3, 0x3),
    (0x6d4, 0x6d4, 0x40),
    (0x6d5, 0x6d5, 0x3),
    (0x6d6, 0x6dc, 0x80),
    (0x6de, 0x6de, 0x40),
    (0x6df, 0x6e4, 0x80),
    (0x6e5, 0x6e6, 0x3),
    (0x6e7, 0x6e8, 0x80),
    (0x6e9, 0x6e9, 0x40),
    (0x6ea, 0x6ed, 0x80),
    (0x6ee, 0x6ef, 0x3),
    (0x6f0, 0x6f9, 0x102),
    (0x6fa, 0x6fc, 0x3),
    (0x6fd, 0x6fe, 0x40),
    (0x6ff, 0x6ff, 0x3),
    (0x700, 0x70d, 0x40),
    (0x710, 0x710, 0x3),
    (0x711, 0x711, 0x80),
    (0x712, 0x72f, 0x3),
    (0x730, 0x74a, 0x80),
    (0x74d, 0x7a5, 0x3),
    (0x7a6, 0x7b0, 0x80),
    (0x7b1, 0x7b1, 0x3),
    (0x7c0, 0x7c9, 0x102),
    (0x7ca, 0x7ea, 0x3),
    (0x7eb, 0x7f3, 0x80),
    (0x7f4, 0x7f5, 0x3),
    (0x7f6, 0x7f9, 0x40),
    (0x7fa, 0x7fa, 0x3),
    (0x7fd, 0x7fd, 0x80),
    (0x7fe, 0x7ff, 0x40),
    (0x800, 0x815, 0x3),
    (0x816, 0x819, 0x80),
    (0x81a, 0x81a, 0x3),
    (0x81b, 0x823, 0x80),
    (0x824, 0x824, 0x3),
    (0x825, 0x827, 0x80),
    (0x828, 0x828, 0x3),
    (0x829, 0x82d, 0x80),
    (0x830, 0x83e, 0x40),
    (0x840, 0x858, 0x3),
    (0x859, 0x85b, 0x80),
    (0x85e, 0x85e, 0x40),
    (0x860, 0x86a, 0x3),
    (0x870, 0x887, 0x3),
    (0x888, 0x888, 0x40),
    (0x889, 0x88e, 0x3),
    (0x897, 0x89f, 0x80),
    (0x8a0, 0x8c9, 0x3),
    (0x8ca, 0x8e1, 0x80),
    (0x8e3, 0x903, 0x80),
    (0x904, 0x939, 0x3),
    (0x93a, 0x93c, 0x80),
    (0x93d, 0x93d, 0x3),
    (0x93e, 0x94f, 0x80),
    (0x950, 0x950, 0x3),
    (0x951, 0x957, 0x80),
    (0x958, 0x961, 0x3),
    (0x962, 0x963, 0x80),
    (0x964, 0x965, 0x40),
    (0x966, 0x96f, 0x102),
    (0x970, 0x970, 0x40),
    (0x971, 0x980, 0x3),
    (0x981, 0x983, 0x80),
    (0x985, 0x98c, 0x3),
    (0x98f, 0x990, 0x3),
    (0x993, 0x9a8, 0x3),
    (0x9aa, 0x9b0, 0x3),
    (0x9b2, 0x9b2, 0x3),
    (0x9b6, 0x9b9, 0x3),
    (0x9bc, 0x9bc, 0x80),
    (0x9bd, 0x9bd, 0x3),
    (0x9be, 0x9c4, 0x80),
    (0x9c7, 0x9c8, 0x80),
    (0x9cb, 0x9cd, 0x80),
    (0x9ce, 0x9ce, 0x3),
    (0x9d7, 0x9d7, 0x80),
    (0x9dc, 0x9dd, 0x3),
    (0x9df, 0x9e1, 0x3),
    (0x9e2, 0x9e3, 0x80),
    (0x9e6, 0x9ef, 0x102),
    (0x9f0, 0x9f1, 0x3),
    (0x9f2, 0x9f3, 0x40),
    (0x9f4, 0x9f9, 0x2),
    (0x9fa, 0x9fb, 0x40),
    (0x9fc, 0x9fc, 0x3),
    (0x9fd, 0x9fd, 0x40),
    (0x9fe, 0x9fe, 0x80),
    (0xa01, 0xa03, 0x80),
    (0xa05, 0xa0a, 0x3),
    (0xa0f, 0xa10, 0x3),
    (0xa13, 0xa28, 0x3),
    (0xa2a, 0xa30, 0x3),
    (0xa32, 0xa33, 0x3),
    (0xa35, 0xa36, 0x3),
    (0xa38, 0xa39, 0x3),
    (0xa3c, 0xa3c, 0x80),
    (0xa3e, 0xa42, 0x80),
    (0xa47, 0xa48, 0x80),
    (0xa4b, 0xa4d, 0x80),
    (0xa51, 0xa51, 0x80),
    (0xa59, 0xa5c, 0x3),
    (0xa5e, 0xa5e, 0x3),
    (0xa66, 0xa6f, 0x102),
    (0xa70, 0xa71, 0x80),
    (0xa72, 0xa74, 0x3),
    (0xa75, 0xa75, 0x80),
    (0xa76, 0xa76, 0x40),
    (0xa81, 0xa83, 0x80),
    (0xa85, 0xa8d, 0x3),
    (0xa8f, 0xa91, 0x3),
    (0xa93, 0xaa8, 0x3),
    (0xaaa, 0xab0, 0x3),
    (0xab2, 0xab3, 0x3),
    (0xab5, 0xab9, 0x3),
    (0xabc, 0xabc, 0x80),
    (0xabd, 0xabd, 0x3),
    (0xabe, 0xac5, 0x80),
    (0xac7, 0xac9, 0x80),
    (0xacb, 0xacd, 0x80),
    (0xad0, 0xad0, 0x3),
    (0xae0, 0xae1, 0x3),
    (0xae2, 0xae3, 0x80),
    (0xae6, 0xaef, 0x102),
    (0xaf0, 0xaf1, 0x40),
    (0xaf9, 0xaf9, 0x3),
    (0xafa, 0xaff, 0x80),
    (0xb01, 0xb03, 0x80),
    (0xb05, 0xb0c, 0x3),
    (0xb0f, 0xb10, 0x3),
    (0xb13, 0xb28, 0x3),
    (0xb2a, 0xb30, 0x3),
    (0xb32, 0xb33, 0x3),
    (0xb35, 0xb39, 0x3),
    (0xb3c, 0xb3c, 0x80),
    (0xb3d, 0xb3d, 0x3),
    (0xb3e, 0xb44, 0x80),
    (0xb47, 0xb48, 0x80),
    (0xb4b, 0xb4d, 0x80),
    (0xb55, 0xb57, 0x80),
    (0xb5c, 0xb5d, 0x3),
    (0xb5f, 0xb61, 0x3),
    (0xb62, 0xb63, 0x80),
    (0xb66, 0xb6f, 0x102),
    (0xb70, 0xb70, 0x40),
    (0xb71, 0xb71, 0x3),
    (0xb72, 0xb77, 0x2),
    (0xb82, 0xb82, 0x80),
    (0xb83, 0xb83, 0x3),
    (0xb85, 0xb8a, 0x3),
    (0xb8e, 0xb90, 0x3),
    (0xb92, 0xb95, 0x3),
    (0xb99, 0xb9a, 0x3),
    (0xb9c, 0xb9c, 0x3),
    (0xb9e, 0xb9f, 0x3),
    (0xba3, 0xba4, 0x3),
    (0xba8, 0xbaa, 0x3),
    (0xbae, 0xbb9, 0x3),
    (0xbbe, 0xbc2, 0x80),
    (0xbc6, 0xbc8, 0x80),
    (0xbca, 0xbcd, 0x80),
    (0xbd0, 0xbd0, 0x3),
    (0xbd7, 0xbd7, 0x80),
    (0xbe6, 0xbef, 0x102),
    (0xbf0, 0xbf2, 0x2),
    (0xbf3, 0xbfa, 0x40),
    (0xc00, 0xc04, 0x80),
    (0xc05, 0xc0c, 0x3),
    (0xc0e, 0xc10, 0x3),
    (0xc12, 0xc28, 0x3),
    (0xc2a, 0xc39, 0x3),
    (0xc3c, 0xc3c, 0x80),
    (0xc3d, 0xc3d, 0x3),
    (0xc3e, 0xc44, 0x80),
    (0xc46, 0xc48, 0x80),
    (0xc4a, 0xc4d, 0x80),
    (0xc55, 0xc56, 0x80),
    (0xc58, 0xc5a, 0x3),
    (0xc5d, 0xc5d, 0x3),
    (0xc60, 0xc61, 0x3),
    (0xc62, 0xc63, 0x80),
    (0xc66, 0xc6f, 0x102),
    (0xc77, 0xc77, 0x40),
    (0xc78, 0xc7e, 0x2),
    (0xc7f, 0xc7f, 0x40),
    (0xc80, 0xc80, 0x3),
    (0xc81, 0xc83, 0x80),
    (0xc84, 0xc84, 0x40),
    (0xc85, 0xc8c, 0x3),
    (0xc8e, 0xc90, 0x3),
    (0xc92, 0xca8, 0x3),
    (0xcaa, 0xcb3, 0x3),
    (0xcb5, 0xcb9, 0x3),
    (0xcbc, 0xcbc, 0x80),
    (0xcbd, 0xcbd, 0x3),
    (0xcbe, 0xcc4, 0x80),
    (0xcc6, 0xcc8, 0x80),
    (0xcca, 0xccd, 0x80),
    (0xcd5, 0xcd6, 0x80),
    (0xcdd, 0xcde, 0x3),
    (0xce0, 0xce1, 0x3),
    (0xce2, 0xce3, 0x80),
    (0xce6, 0xcef, 0x102),
    (0xcf1, 0xcf2, 0x3),
    (0xcf3, 0xcf3, 0x80),
    (0xd00, 0xd03, 0x80),
    (0xd04, 0xd0c, 0x3),
    (0xd0e, 0xd10, 0x3),
    (0xd12, 0xd3a, 0x3),
    (0xd3b, 0xd3c, 0x80),
    (0xd3d, 0xd3d, 0x3),
    (0xd3e, 0xd44, 0x80),
    (0xd46, 0xd48, 0x80),
    (0xd4a, 0xd4d, 0x80),
    (0xd4e, 0xd4e, 0x3),
    (0xd4f, 0xd4f, 0x40),
    (0xd54, 0xd56, 0x3),
    (0xd57, 0xd57, 0x80),
    (0xd58, 0xd5e, 0x2),
    (0xd5f, 0xd61, 0x3),
    (0xd62, 0xd63, 0x80),
    (0xd66, 0xd6f, 0x102),
    (0xd70, 0xd78, 0x2),
    (0xd79, 0xd79, 0x40),
    (0xd7a, 0xd7f, 0x3),
    (0xd81, 0xd83, 0x80),
    (0xd85, 0xd96, 0x3),
    (0xd9a, 0xdb1, 0x3),
    (0xdb3, 0xdbb, 0x3),
    (0xdbd, 0xdbd, 0x3),
    (0xdc0, 0xdc6, 0x3),
    (0xdca, 0xdca, 0x80),
    (0xdcf, 0xdd4, 0x80),
    (0xdd6, 0xdd6, 0x80),
    (0xdd8, 0xddf, 0x80),
    (0xde6, 0xdef, 0x102),
    (0xdf2, 0xdf3, 0x80),
    (0xdf4, 0xdf4, 0x40),
    (0xe01, 0xe30, 0x3),
    (0xe31, 0xe31, 0x80),
    (0xe32, 0xe33, 0x3),
    (0xe34, 0xe3a, 0x80),
    (0xe3f, 0xe3f, 0x40),
    (0xe40, 0xe46, 0x3),
    (0xe47, 0xe4e, 0x80),
    (0xe4f, 0xe4f, 0x40),
    (0xe50, 0xe59, 0x102),
    (0xe5a, 0xe5b, 0x40),
    (0xe81, 0xe82, 0x3),
    (0xe84, 0xe84, 0x3),
    (0xe86, 0xe8a, 0x3),
    (0xe8c, 0xea3, 0x3),
    (0xea5, 0xea5, 0x3),
    (0xea7, 0xeb0, 0x3),
    (0xeb1, 0xeb1, 0x80),
    (0xeb2, 0xeb3, 0x3),
    (0xeb4, 0xebc, 0x80),
    (0xebd, 0xebd, 0x3),
    (0xec0, 0xec4, 0x3),
    (0xec6, 0xec6, 0x3),
    (0xec8, 0xece, 0x80),
    (0xed0, 0xed9, 0x102),
    (0xedc, 0xedf, 0x3),
    (0xf00, 0xf00, 0x3),
    (0xf01, 0xf17, 0x40),
    (0xf18, 0xf19, 0x80),
    (0xf1a, 0xf1f, 0x40),
    (0xf20, 0xf29, 0x102),
    (0xf2a, 0xf33, 0x2),
    (0xf34, 0xf34, 0x40),
    (0xf35, 0xf35, 0x80),
    (0xf36, 0xf36, 0x40),
    (0xf37, 0xf37, 0x80),
    (0xf38, 0xf38, 0x40),
    (0xf39, 0xf39, 0x80),
    (0xf3a, 0xf3d, 0x40),
    (0xf3e, 0xf3f, 0x80),
    (0xf40, 0xf47, 0x3),
    (0xf49, 0xf6c, 0x3),
    (0xf71, 0xf84, 0x80),
    (0xf85, 0xf85, 0x40),
    (0xf86, 0xf87, 0x80),
    (0xf88, 0xf8c, 0x3),
    (0xf8d, 0xf97, 0x80),
    (0xf99, 0xfbc, 0x80),
    (0xfbe, 0xfc5, 0x40),
    (0xfc6, 0xfc6, 0x80),
    (0xfc7, 0xfcc, 0x40),
    (0xfce, 0xfda, 0x40),
    (0x1000, 0x102a, 0x3),
    (0x102b, 0x103e, 0x80),
    (0x103f, 0x103f, 0x3),
    (0x1040, 0x1049, 0x102),
    (0x104a, 0x104f, 0x40),
    (0x1050, 0x1055, 0x3),
    (0x1056, 0x1059, 0x80),
    (0x105a, 0x105d, 0x3),
    (0x105e, 0x1060, 0x80),
    (0x1061, 0x1061, 0x3),
    (0x1062, 0x1064, 0x80),
    (0x1065, 0x1066, 0x3),
    (0x1067, 0x106d, 0x80),
    (0x106e, 0x1070, 0x3),
    (0x1071, 0x1074, 0x80),
    (0x1075, 0x1081, 0x3),
    (0x1082, 0x108d, 0x80),
    (0x108e, 0x108e, 0x3),
    (0x108f, 0x108f, 0x80),
    (0x1090, 0x1099, 0x102),
    (0x109a, 0x109d, 0x80),
    (0x109e, 0x109f, 0x40),
    (0x10a0, 0x10c5, 0x1b),
    (0x10c7, 0x10c7, 0x1b),
    (0x10cd, 0x10cd, 0x1b),
    (0x10d0, 0x10fa, 0x17),
    (0x10fb, 0x10fb, 0x40),
    (0x10fc, 0x10fc, 0x7),
    (0x10fd, 0x10ff, 0x17),
    (0x1100, 0x1248, 0x3),
    (0x124a, 0x124d, 0x3),
    (0x1250, 0x1256, 0x3),
    (0x1258, 0x1258, 0x3),
    (0x125a, 0x125d, 0x3),
    (0x1260, 0x1288, 0x3),
    (0x128a, 0x128d, 0x3),
    (0x1290, 0x12b0, 0x3),
    (0x12b2, 0x12b5, 0x3),
    (0x12b8, 0x12be, 0x3),
    (0x12c0, 0x12c0, 0x3),
    (0x12c2, 0x12c5, 0x3),
    (0x12c8, 0x12d6, 0x3),
    (0x12d8, 0x1310, 0x3),
    (0x1312, 0x1315, 0x3),
    (0x1318, 0x135a, 0x3),
    (0x135d, 0x135f, 0x80),
    (0x1360, 0x1368, 0x40),
    (0x1369, 0x1371, 0x102),
    (0x1372, 0x137c, 0x2),
    (0x1380, 0x138f, 0x3),
    (0x1390, 0x1399, 0x40),
    (0x13a0, 0x13f5, 0x1b),
    (0x13f8, 0x13fd, 0x17),
    (0x1400, 0x1400, 0x40),
    (0x1401, 0x166c, 0x3),
    (0x166d, 0x166e, 0x40),
    (0x166f, 0x167f, 0x3),
    (0x1680, 0x1680, 0x20),
    (0x1681, 0x169a, 0x3),
    (0x169b, 0x169c, 0x40),
    (0x16a0, 0x16ea, 0x3),
    (0x16eb, 0x16ed, 0x40),
    (0x16ee, 0x16f0, 0x2),
    (0x16f1, 0x16f8, 0x3),
    (0x1700, 0x1711, 0x3),
    (0x1712, 0x1715, 0x80),
    (0x171f, 0x1731, 0x3),
    (0x1732, 0x1734, 0x80),
    (0x1735, 0x1736, 0x40),
    (0x1740, 0x1751, 0x3),
    (0x1752, 0x1753, 0x80),
    (0x1760, 0x176c, 0x3),
    (0x176e, 0x1770, 0x3),
    (0x1772, 0x1773, 0x80),
    (0x1780, 0x17b3, 0x3),
    (0x17b4, 0x17d3, 0x80),
    (0x17d4, 0x17d6, 0x40),
    (0x17d7, 0x17d7, 0x3),
    (0x17d8, 0x17db, 0x40),
    (0x17dc, 0x17dc, 0x3),
    (0x17dd, 0x17dd, 0x80),
    (0x17e0, 0x17e9, 0x102),
    (0x17f0, 0x17f9, 0x2),
    (0x1800, 0x180a, 0x40),
    (0x180b, 0x180d, 0x80),
    (0x180f, 0x180f, 0x80),
    (0x1810, 0x1819, 0x102),
    (0x1820, 0x1878, 0x3),
    (0x1880, 0x1884, 0x3),
    (0x1885, 0x1886, 0x80),
    (0x1887, 0x18a8, 0x3),
    (0x18a9, 0x18a9, 0x80),
    (0x18aa, 0x18aa, 0x3),
    (0x18b0, 0x18f5, 0x3),
    (0x1900, 0x191e, 0x3),
    (0x1920, 0x192b, 0x80),
    (0x1930, 0x193b, 0x80),
    (0x1940, 0x1940, 0x40),
    (0x1944, 0x1945, 0x40),
    (0x1946, 0x194f, 0x102),
    (0x1950, 0x196d, 0x3),
    (0x1970, 0x1974, 0x3),
    (0x1980, 0x19ab, 0x3),
    (0x19b0, 0x19c9, 0x3),
    (0x19d0, 0x19da, 0x102),
    (0x19de, 0x19ff, 0x40),
    (0x1a00, 0x1a16, 0x3),
    (0x1a17, 0x1a1b, 0x80),
    (0x1a1e, 0x1a1f, 0x40),
    (0x1a20, 0x1a54, 0x3),
    (0x1a55, 0x1a5e, 0x80),
    (0x1a60, 0x1a7c, 0x80),
    (0x1a7f, 0x1a7f, 0x80),
    (0x1a80, 0x1a89, 0x102),
    (0x1a90, 0x1a99, 0x102),
    (0x1aa0, 0x1aa6, 0x40),
    (0x1aa7, 0x1aa7, 0x3),
    (0x1aa8, 0x1aad, 0x40),
    (0x1ab0, 0x1ace, 0x80),
    (0x1b00, 0x1b04, 0x80),
    (0x1b05, 0x1b33, 0x3),
    (0x1b34, 0x1b44, 0x80),
    (0x1b45, 0x1b4c, 0x3),
    (0x1b4e, 0x1b4f, 0x40),
    (0x1b50, 0x1b59, 0x102),
    (0x1b5a, 0x1b6a, 0x40),
    (0x1b6b, 0x1b73, 0x80),
    (0x1b74, 0x1b7f, 0x40),
    (0x1b80, 0x1b82, 0x80),
    (0x1b83, 0x1ba0, 0x3),
    (0x1ba1, 0x1bad, 0x80),
    (0x1bae, 0x1baf, 0x3),
    (0x1bb0, 0x1bb9, 0x102),
    (0x1bba, 0x1be5, 0x3),
    (0x1be6, 0x1bf3, 0x80),
    (0x1bfc, 0x1bff, 0x40),
    (0x1c00, 0x1c23, 0x3),
    (0x1c24, 0x1c37, 0x80),
    (0x1c3b, 0x1c3f, 0x40),
    (0x1c40, 0x1c49, 0x102),
    (0x1c4d, 0x1c4f, 0x3),
    (0x1c50, 0x1c59, 0x102),
    (0x1c5a, 0x1c7d, 0x3),
    (0x1c7e, 0x1c7f, 0x40),
    (0x1c80, 0x1c88, 0x17),
    (0x1c89, 0x1c89, 0x1b),
    (0x1c8a, 0x1c8a, 0x17),
    (0x1c90, 0x1cba, 0x1b),
    (0x1cbd, 0x1cbf, 0x1b),
    (0x1cc0, 0x1cc7, 0x40),
    (0x1cd0, 0x1cd2, 0x80),
    (0x1cd3, 0x1cd3, 0x40),
    (0x1cd4, 0x1ce8, 0x80),
    (0x1ce9, 0x1cec, 0x3),
    (0x1ced, 0x1ced, 0x80),
    (0x1cee, 0x1cf3, 0x3),
    (0x1cf4, 0x1cf4, 0x80),
    (0x1cf5, 0x1cf6, 0x3),
    (0x1cf7, 0x1cf9, 0x80),
    (0x1cfa, 0x1cfa, 0x3),
    (0x1d00, 0x1d78, 0x7),
    (0x1d79, 0x1d79, 0x17),
    (0x1d7a, 0x1d7c, 0x7),
    (0x1d7d, 0x1d7d, 0x17),
    (0x1d7e, 0x1d8d, 0x7),
    (0x1d8e, 0x1d8e, 0x17),
    (0x1d8f, 0x1dbf, 0x7),
    (0x1dc0, 0x1dff, 0x80),
    (0x1e00, 0x1e00, 0x1b),
    (0x1e01, 0x1e01, 0x17),
    (0x1e02, 0x1e02, 0x1b),
    (0x1e03, 0x1e03, 0x17),
    (0x1e04, 0x1e04, 0x1b),
    (0x1e05, 0x1e05, 0x17),
    (0x1e06, 0x1e06, 0x1b),
    (0x1e07, 0x1e07, 0x17),
    (0x1e08, 0x1e08, 0x1b),
    (0x1e09, 0x1e09, 0x17),
    (0x1e0a, 0x1e0a, 0x1b),
    (0x1e0b, 0x1e0b, 0x17),
    (0x1e0c, 0x1e0c, 0x1b),
    (0x1e0d, 0x1e0d, 0x17),
    (0x1e0e, 0x1e0e, 0x1b),
    (0x1e0f, 0x1e0f, 0x17),
    (0x1e10, 0x1e10, 0x1b),
    (0x1e11, 0x1e11, 0x17),
    (0x1e12, 0x1e12, 0x1b),
    (0x1e13, 0x1e13, 0x17),
    (0x1e14, 0x1e14, 0x1b),
    (0x1e15, 0x1e15, 0x17),
    (0x1e16, 0x1e16, 0x1b),
    (0x1e17, 0x1e17, 0x17),
    (0x1e18, 0x1e18, 0x1b),
    (0x1e19, 0x1e19, 0x17),
    (0x1e1a, 0x1e1a, 0x1b),
    (0x1e1b, 0x1e1b, 0x17),
    (0x1e1c, 0x1e1c, 0x1b),
    (0x1e1d, 0x1e1d, 0x17),
    (0x1e1e, 0x1e1e, 0x1b),
    (0x1e1f, 0x1e1f, 0x17),
    (0x1e20, 0x1e20, 0x1b),
    (0x1e21, 0x1e21, 0x17),
    (0x1e22, 0x1e22, 0x1b),
    (0x1e23, 0x1e23, 0x17),
    (0x1e24, 0x1e24, 0x1b),
    (0x1e25, 0x1e25, 0x17),
    (0x1e26, 0x1e26, 0x1b),
    (0x1e27, 0x1e27, 0x17),
    (0x1e28, 0x1e28, 0x1b),
    (0x1e29, 0x1e29, 0x17),
    (0x1e2a, 0x1e2a, 0x1b),
    (0x1e2b, 0x1e2b, 0x17),
    (0x1e2c, 0x1e2c, 0x1b),
    (0x1e2d, 0x1e2d, 0x17),
    (0x1e2e, 0x1e2e, 0x1b),
    (0x1e2f, 0x1e2f, 0x17),
    (0x1e30, 0x1e30, 0x1b),
    (0x1e31, 0x1e31, 0x17),
    (0x1e32, 0x1e32, 0x1b),
    (0x1e33, 0x1e33, 0x17),
    (0x1e34, 0x1e34, 0x1b),
    (0x1e35, 0x1e35, 0x17),
    (0x1e36, 0x1e36, 0x1b),
    (0x1e37, 0x1e37, 0x17),
    (0x1e38, 0x1e38, 0x1b),
    (0x1e39, 0x1e39, 0x17),
    (0x1e3a, 0x1e3a, 0x1b),
    (0x1e3b, 0x1e3b, 0x17),
    (0x1e3c, 0x1e3c, 0x1b),
    (0x1e3d, 0x1e3d, 0x17),
    (0x1e3e, 0x1e3e, 0x1b),
    (0x1e3f, 0x1e3f, 0x17),
    (0x1e40, 0x1e40, 0x1b),
    (0x1e41, 0x1e41, 0x17),
    (0x1e42, 0x1e42, 0x1b),
    (0x1e43, 0x1e43, 0x17),
    (0x1e44, 0x1e44, 0x1b),
    (0x1e45, 0x1e45, 0x17),
    (0x1e46, 0x1e46, 0x1b),
    (0x1e47, 0x1e47, 0x17),
    (0x1e48, 0x1e48, 0x1b),
    (0x1e49, 0x1e49, 0x17),
    (0x1e4a, 0x1e4a, 0x1b),
    (0x1e4b, 0x1e4b, 0x17),
    (0x1e4c, 0x1e4c, 0x1b),
    (0x1e4d, 0x1e4d, 0x17),
    (0x1e4e, 0x1e4e, 0x1b),
    (0x1e4f, 0x1e4f, 0x17),
    (0x1e50, 0x1e50, 0x1b),
    (0x1e51, 0x1e51, 0x17),
    (0x1e52, 0x1e52, 0x1b),
    (0x1e53, 0x1e53, 0x17),
    (0x1e54, 0x1e54, 0x1b),
    (0x1e55, 0x1e55, 0x17),
    (0x1e56, 0x1e56, 0x1b),
    (0x1e57, 0x1e57, 0x17),
    (0x1e58, 0x1e58, 0x1b),
    (0x1e59, 0x1e59, 0x17),
    (0x1e5a, 0x1e5a, 0x1b),
    (0x1e5b, 0x1e5b, 0x17),
    (0x1e5c, 0x1e5c, 0x1b),
    (0x1e5d, 0x1e5d, 0x17),
    (0x1e5e, 0x1e5e, 0x1b),
    (0x1e5f, 0x1e5f, 0x17),
    (0x1e60, 0x1e60, 0x1b),
    (0x1e61, 0x1e61, 0x17),
    (0x1e62, 0x1e62, 0x1b),
    (0x1e63, 0x1e63, 0x17),
    (0x1e64, 0x1e64, 0x1b),
    (0x1e65, 0x1e65, 0x17),
    (0x1e66, 0x1e66, 0x1b),
    (0x1e67, 0x1e67, 0x17),
    (0x1e68, 0x1e68, 0x1b),
    (0x1e69, 0x1e69, 0x17),
    (0x1e6a, 0x1e6a, 0x1b),
    (0x1e6b, 0x1e6b, 0x17),
    (0x1e6c, 0x1e6c, 0x1b),
    (0x1e6d, 0x1e6d, 0x17),
    (0x1e6e, 0x1e6e, 0x1b),
    (0x1e6f, 0x1e6f, 0x17),
    (0x1e70, 0x1e70, 0x1b),
    (0x1e71, 0x1e71, 0x17),
    (0x1e72, 0x1e72, 0x1b),
    (0x1e73, 0x1e73, 0x17),
    (0x1e74, 0x1e74, 0x1b),
    (0x1e75, 0x1e75, 0x17),
    (0x1e76, 0x1e76, 0x1b),
    (0x1e77, 0x1e77, 0x17),
    (0x1e78, 0x1e78, 0x1b),
    (0x1e79, 0x1e79, 0x17),
    (0x1e7a, 0x1e7a, 0x1b),
    (0x1e7b, 0x1e7b, 0x17),
    (0x1e7c, 0x1e7c, 0x1b),
    (0x1e7d, 0x1e7d, 0x17),
    (0x1e7e, 0x1e7e, 0x1b),
    (0x1e7f, 0x1e7f, 0x17),
    (0x1e80, 0x1e80, 0x1b),
    (0x1e81, 0x1e81, 0x17),
    (0x1e82, 0x1e82, 0x1b),
    (0x1e83, 0x1e83, 0x17),
    (0x1e84, 0x1e84, 0x1b),
    (0x1e85, 0x1e85, 0x17),
    (0x1e86, 0x1e86, 0x1b),
    (0x1e87, 0x1e87, 0x17),
    (0x1e88, 0x1e88, 0x1b),
    (0x1e89, 0x1e89, 0x17),
    (0x1e8a, 0x1e8a, 0x1b),
    (0x1e8b, 0x1e8b, 0x17),
    (0x1e8c, 0x1e8c, 0x1b),
    (0x1e8d, 0x1e8d, 0x17),
    (0x1e8e, 0x1e8e, 0x1b),
    (0x1e8f, 0x1e8f, 0x17),
    (0x1e90, 0x1e90, 0x1b),
    (0x1e91, 0x1e91, 0x17),
    (0x1e92, 0x1e92, 0x1b),
    (0x1e93, 0x1e93, 0x17),
    (0x1e94, 0x1e94, 0x1b),
    (0x1e95, 0x1e9b, 0x17),
    (0x1e9c, 0x1e9d, 0x7),
    (0x1e9e, 0x1e9e, 0x1b),
    (0x1e9f, 0x1e9f, 0x7),
    (0x1ea0, 0x1ea0, 0x1b),
    (0x1ea1, 0x1ea1, 0x17),
    (0x1ea2, 0x1ea2, 0x1b),
    (0x1ea3, 0x1ea3, 0x17),
    (0x1ea4, 0x1ea4, 0x1b),
    (0x1ea5, 0x1ea5, 0x17),
    (0x1ea6, 0x1ea6, 0x1b),
    (0x1ea7, 0x1ea7, 0x17),
    (0x1ea8, 0x1ea8, 0x1b),
    (0x1ea9, 0x1ea9, 0x17),
    (0x1eaa, 0x1eaa, 0x1b),
    (0x1eab, 0x1eab, 0x17),
    (0x1eac, 0x1eac, 0x1b),
    (0x1ead, 0x1ead, 0x17),
    (0x1eae, 0x1eae, 0x1b),
    (0x1eaf, 0x1eaf, 0x17),
    (0x1eb0, 0x1eb0, 0x1b),
    (0x1eb1, 0x1eb1, 0x17),
    (0x1eb2, 0x1eb2, 0x1b),
    (0x1eb3, 0x1eb3, 0x17),
    (0x1eb4, 0x1eb4, 0x1b),
    (0x1eb5, 0x1eb5, 0x17),
    (0x1eb6, 0x1eb6, 0x1b),
    (0x1eb7, 0x1eb7, 0x17),
    (0x1eb8, 0x1eb8, 0x1b),
    (0x1eb9, 0x1eb9, 0x17),
    (0x1eba, 0x1eba, 0x1b),
    (0x1ebb, 0x1ebb, 0x17),
    (0x1ebc, 0x1ebc, 0x1b),
    (0x1ebd, 0x1ebd, 0x17),
    (0x1ebe, 0x1ebe, 0x1b),
    (0x1ebf, 0x1ebf, 0x17),
    (0x1ec0, 0x1ec0, 0x1b),
    (0x1ec1, 0x1ec1, 0x17),
    (0x1ec2, 0x1ec2, 0x1b),
    (0x1ec3, 0x1ec3, 0x17),
    (0x1ec4, 0x1ec4, 0x1b),
    (0x1ec5, 0x1ec5, 0x17),
    (0x1ec6, 0x1ec6, 0x1b),
    (0x1ec7, 0x1ec7, 0x17),
    (0x1ec8, 0x1ec8, 0x1b),
    (0x1ec9, 0x1ec9, 0x17),
    (0x1eca, 0x1eca, 0x1b),
    (0x1ecb, 0x1ecb, 0x17),
    (0x1ecc, 0x1ecc, 0x1b),
    (0x1ecd, 0x1ecd, 0x17),
    (0x1ece, 0x1ece, 0x1b),
    (0x1ecf, 0x1ecf, 0x17),
    (0x1ed0, 0x1ed0, 0x1b),
    (0x1ed1, 0x1ed1, 0x17),
    (0x1ed2, 0x1ed2, 0x1b),
    (0x1ed3, 0x1ed3, 0x17),
    (0x1ed4, 0x1ed4, 0x1b),
    (0x1ed5, 0x1ed5, 0x17),
    (0x1ed6, 0x1ed6, 0x1b),
    (0x1ed7, 0x1ed7, 0x17),
    (0x1ed8, 0x1ed8, 0x1b),
    (0x1ed9, 0x1ed9, 0x17),
    (0x1eda, 0x1eda, 0x1b),
    (0x1edb, 0x1edb, 0x17),
    (0x1edc, 0x1edc, 0x1b),
    (0x1edd, 0x1edd, 0x17),
    (0x1ede, 0x1ede, 0x1b),
    (0x1edf, 0x1edf, 0x17),
    (0x1ee0, 0x1ee0, 0x1b),
    (0x1ee1, 0x1ee1, 0x17),
    (0x1ee2, 0x1ee2, 0x1b),
    (0x1ee3, 0x1ee3, 0x17),
    (0x1ee4, 0x1ee4, 0x1b),
    (0x1ee5, 0x1ee5, 0x17),
    (0x1ee6, 0x1ee6, 0x1b),
    (0x1ee7, 0x1ee7, 0x17),
    (0x1ee8, 0x1ee8, 0x1b),
    (0x1ee9, 0x1ee9, 0x17),
    (0x1eea, 0x1eea, 0x1b),
    (0x1eeb, 0x1eeb, 0x17),
    (0x1eec, 0x1eec, 0x1b),
    (0x1eed, 0x1eed, 0x17),
    (0x1eee, 0x1eee, 0x1b),
    (0x1eef, 0x1eef, 0x17),
    (0x1ef0, 0x1ef0, 0x1b),
    (0x1ef1, 0x1ef1, 0x17),
    (0x1ef2, 0x1ef2, 0x1b),
    (0x1ef3, 0x1ef3, 0x17),
    (0x1ef4, 0x1ef4, 0x1b),
    (0x1ef5, 0x1ef5, 0x17),
    (0x1ef6, 0x1ef6, 0x1b),
    (0x1ef7, 0x1ef7, 0x17),
    (0x1ef8, 0x1ef8, 0x1b),
    (0x1ef9, 0x1ef9, 0x17),
    (0x1efa, 0x1efa, 0x1b),
    (0x1efb, 0x1efb, 0x17),
    (0x1efc, 0x1efc, 0x1b),
    (0x1efd, 0x1efd, 0x17),
    (0x1efe, 0x1efe, 0x1b),
    (0x1eff, 0x1f07, 0x17),
    (0x1f08, 0x1f0f, 0x1b),
    (0x1f10, 0x1f15, 0x17),
    (0x1f18, 0x1f1d, 0x1b),
    (0x1f20, 0x1f27, 0x17),
    (0x1f28, 0x1f2f, 0x1b),
    (0x1f30, 0x1f37, 0x17),
    (0x1f38, 0x1f3f, 0x1b),
    (0x1f40, 0x1f45, 0x17),
    (0x1f48, 0x1f4d, 0x1b),
    (0x1f50, 0x1f57, 0x17),
    (0x1f59, 0x1f59, 0x1b),
    (0x1f5b, 0x1f5b, 0x1b),
    (0x1f5d, 0x1f5d, 0x1b),
    (0x1f5f, 0x1f5f, 0x1b),
    (0x1f60, 0x1f67, 0x17),
    (0x1f68, 0x1f6f, 0x1b),
    (0x1f70, 0x1f7d, 0x17),
    (0x1f80, 0x1f87, 0x17),
    (0x1f88, 0x1f8f, 0x13),
    (0x1f90, 0x1f97, 0x17),
    (0x1f98, 0x1f9f, 0x13),
    (0x1fa0, 0x1fa7, 0x17),
    (0x1fa8, 0x1faf, 0x13),
    (0x1fb0, 0x1fb4, 0x17),
    (0x1fb6, 0x1fb7, 0x17),
    (0x1fb8, 0x1fbb, 0x1b),
    (0x1fbc, 0x1fbc, 0x13),
    (0x1fbd, 0x1fbd, 0x40),
    (0x1fbe, 0x1fbe, 0x17),
    (0x1fbf, 0x1fc1, 0x40),
    (0x1fc2, 0x1fc4, 0x17),
    (0x1fc6, 0x1fc7, 0x17),
    (0x1fc8, 0x1fcb, 0x1b),
    (0x1fcc, 0x1fcc, 0x13),
    (0x1fcd, 0x1fcf, 0x40),
    (0x1fd0, 0x1fd3, 0x17),
    (0x1fd6, 0x1fd7, 0x17),
    (0x1fd8, 0x1fdb, 0x1b),
    (0x1fdd, 0x1fdf, 0x40),
    (0x1fe0, 0x1fe7, 0x17),
    (0x1fe8, 0x1fec, 0x1b),
    (0x1fed, 0x1fef, 0x40),
    (0x1ff2, 0x1ff4, 0x17),
    (0x1ff6, 0x1ff7, 0x17),
    (0x1ff8, 0x1ffb, 0x1b),
    (0x1ffc, 0x1ffc, 0x13),
    (0x1ffd, 0x1ffe, 0x40),
    (0x2000, 0x200a, 0x20),
    (0x2010, 0x2027, 0x40),
    (0x2028, 0x2029, 0x20),
    (0x202f, 0x202f, 0x20),
    (0x2030, 0x205e, 0x40),
    (0x205f, 0x205f, 0x20),
    (0x2070, 0x2070, 0x102),
    (0x2071, 0x2071, 0x7),
    (0x2074, 0x2079, 0x102),
    (0x207a, 0x207e, 0x40),
    (0x207f, 0x207f, 0x7),
    (0x2080, 0x2089, 0x102),
    (0x208a, 0x208e, 0x40),
    (0x2090, 0x209c, 0x7),
    (0x20a0, 0x20c0, 0x40),
    (0x20d0, 0x20f0, 0x80),
    (0x2100, 0x2101, 0x40),
    (0x2102, 0x2102, 0xb),
    (0x2103, 0x2106, 0x40),
    (0x2107, 0x2107, 0xb),
    (0x2108, 0x2109, 0x40),
    (0x210a, 0x210a, 0x7),
    (0x210b, 0x210d, 0xb),
    (0x210e, 0x210f, 0x7),
    (0x2110, 0x2112, 0xb),
    (0x2113, 0x2113, 0x7),
    (0x2114, 0x2114, 0x40),
    (0x2115, 0x2115, 0xb),
    (0x2116, 0x2118, 0x40),
    (0x2119, 0x211d, 0xb),
    (0x211e, 0x2123, 0x40),
    (0x2124, 0x2124, 0xb),
    (0x2125, 0x2125, 0x40),
    (0x2126, 0x2126, 0x1b),
    (0x2127, 0x2127, 0x40),
    (0x2128, 0x2128, 0xb),
    (0x2129, 0x2129, 0x40),
    (0x212a, 0x212b, 0x1b),
    (0x212c, 0x212d, 0xb),
    (0x212e, 0x212e, 0x40),
    (0x212f, 0x212f, 0x7),
    (0x2130, 0x2131, 0xb),
    (0x2132, 0x2132, 0x1b),
    (0x2133, 0x2133, 0xb),
    (0x2134, 0x2134, 0x7),
    (0x2135, 0x2138, 0x3),
    (0x2139, 0x2139, 0x7),
    (0x213a, 0x213b, 0x40),
    (0x213c, 0x213d, 0x7),
    (0x213e, 0x213f, 0xb),
    (0x2140, 0x2144, 0x40),
    (0x2145, 0x2145, 0xb),
    (0x2146, 0x2149, 0x7),
    (0x214a, 0x214d, 0x40),
    (0x214e, 0x214e, 0x17),
    (0x214f, 0x214f, 0x40),
    (0x2150, 0x215f, 0x2),
    (0x2160, 0x216f, 0x1a),
    (0x2170, 0x217f, 0x16),
    (0x2180, 0x2182, 0x2),
    (0x2183, 0x2183, 0x1b),
    (0x2184, 0x2184, 0x17),
    (0x2185, 0x2189, 0x2),
    (0x218a, 0x218b, 0x40),
    (0x2190, 0x2429, 0x40),
    (0x2440, 0x244a, 0x40),
    (0x2460, 0x2468, 0x102),
    (0x2469, 0x2473, 0x2),
    (0x2474, 0x247c, 0x102),
    (0x247d, 0x2487, 0x2),
    (0x2488, 0x2490, 0x102),
    (0x2491, 0x249b, 0x2),
    (0x249c, 0x24b5, 0x40),
    (0x24b6, 0x24cf, 0x58),
    (0x24d0, 0x24e9, 0x54),
    (0x24ea, 0x24ea, 0x102),
    (0x24eb, 0x24f4, 0x2),
    (0x24f5, 0x24fd, 0x102),
    (0x24fe, 0x24fe, 0x2),
    (0x24ff, 0x24ff, 0x102),
    (0x2500, 0x2775, 0x40),
    (0x2776, 0x277e, 0x102),
    (0x277f, 0x277f, 0x2),
    (0x2780, 0x2788, 0x102),
    (0x2789, 0x2789, 0x2),
    (0x278a, 0x2792, 0x102),
    (0x2793, 0x2793, 0x2),
    (0x2794, 0x2b73, 0x40),
    (0x2b76, 0x2b95, 0x40),
    (0x2b97, 0x2bff, 0x40),
    (0x2c00, 0x2c2f, 0x1b),
    (0x2c30, 0x2c5f, 0x17),
    (0x2c60, 0x2c60, 0x1b),
    (0x2c61, 0x2c61, 0x17),
    (0x2c62, 0x2c64, 0x1b),
    (0x2c65, 0x2c66, 0x17),
    (0x2c67, 0x2c67, 0x1b),
    (0x2c68, 0x2c68, 0x17),
    (0x2c69, 0x2c69, 0x1b),
    (0x2c6a, 0x2c6a, 0x17),
    (0x2c6b, 0x2c6b, 0x1b),
    (0x2c6c, 0x2c6c, 0x17),
    (0x2c6d, 0x2c70, 0x1b),
    (0x2c71, 0x2c71, 0x7),
    (0x2c72, 0x2c72, 0x1b),
    (0x2c73, 0x2c73, 0x17),
    (0x2c74, 0x2c74, 0x7),
    (0x2c75, 0x2c75, 0x1b),
    (0x2c76, 0x2c76, 0x17),
    (0x2c77, 0x2c7d, 0x7),
    (0x2c7e, 0x2c80, 0x1b),
    (0x2c81, 0x2c81, 0x17),
    (0x2c82, 0x2c82, 0x1b),
    (0x2c83, 0x2c83, 0x17),
    (0x2c84, 0x2c84, 0x1b),
    (0x2c85, 0x2c85, 0x17),
    (0x2c86, 0x2c86, 0x1b),
    (0x2c87, 0x2c87, 0x17),
    (0x2c88, 0x2c88, 0x1b),
    (0x2c89, 0x2c89, 0x17),
    (0x2c8a, 0x2c8a, 0x1b),
    (0x2c8b, 0x2c8b, 0x17),
    (0x2c8c, 0x2c8c, 0x1b),
    (0x2c8d, 0x2c8d, 0x17),
    (0x2c8e, 0x2c8e, 0x1b),
    (0x2c8f, 0x2c8f, 0x17),
    (0x2c90, 0x2c90, 0x1b),
    (0x2c91, 0x2c91, 0x17),
    (0x2c92, 0x2c92, 0x1b),
    (0x2c93, 0x2c93, 0x17),
    (0x2c94, 0x2c94, 0x1b),
    (0x2c95, 0x2c95, 0x17),
    (0x2c96, 0x2c96, 0x1b),
    (0x2c97, 0x2c97, 0x17),
    (0x2c98, 0x2c98, 0x1b),
    (0x2c99, 0x2c99, 0x17),
    (0x2c9a, 0x2c9a, 0x1b),
    (0x2c9b, 0x2c9b, 0x17),
    (0x2c9c, 0x2c9c, 0x1b),
    (0x2c9d, 0x2c9d, 0x17),
    (0x2c9e, 0x2c9e, 0x1b),
    (0x2c9f, 0x2c9f, 0x17),
    (0x2ca0, 0x2ca0, 0x1b),
    (0x2ca1, 0x2ca1, 0x17),
    (0x2ca2, 0x2ca2, 0x1b),
    (0x2ca3, 0x2ca3, 0x17),
    (0x2ca4, 0x2ca4, 0x1b),
    (0x2ca5, 0x2ca5, 0x17),
    (0x2ca6, 0x2ca6, 0x1b),
    (0x2ca7, 0x2ca7, 0x17),
    (0x2ca8, 0x2ca8, 0x1b),
    (0x2ca9, 0x2ca9, 0x17),
    (0x2caa, 0x2caa, 0x1b),
    (0x2cab, 0x2cab, 0x17),
    (0x2cac, 0x2cac, 0x1b),
    (0x2cad, 0x2cad, 0x17),
    (0x2cae, 0x2cae, 0x1b),
    (0x2caf, 0x2caf, 0x17),
    (0x2cb0, 0x2cb0, 0x1b),
    (0x2cb1, 0x2cb1, 0x17),
    (0x2cb2, 0x2cb2, 0x1b),
    (0x2cb3, 0x2cb3, 0x17),
    (0x2cb4, 0x2cb4, 0x1b),
    (0x2cb5, 0x2cb5, 0x17),
    (0x2cb6, 0x2cb6, 0x1b),
    (0x2cb7, 0x2cb7, 0x17),
    (0x2cb8, 0x2cb8, 0x1b),
    (0x2cb9, 0x2cb9, 0x17),
    (0x2cba, 0x2cba, 0x1b),
    (0x2cbb, 0x2cbb, 0x17),
    (0x2cbc, 0x2cbc, 0x1b),
    (0x2cbd, 0x2cbd, 0x17),
    (0x2cbe, 0x2cbe, 0x1b),
    (0x2cbf, 0x2cbf, 0x17),
    (0x2cc0, 0x2cc0, 0x1b),
    (0x2cc1, 0x2cc1, 0x17),
    (0x2cc2, 0x2cc2, 0x1b),
    (0x2cc3, 0x2cc3, 0x17),
    (0x2cc4, 0x2cc4, 0x1b),
    (0x2cc5, 0x2cc5, 0x17),
    (0x2cc6, 0x2cc6, 0x1b),
    (0x2cc7, 0x2cc7, 0x17),
    (0x2cc8, 0x2cc8, 0x1b),
    (0x2cc9, 0x2cc9, 0x17),
    (0x2cca, 0x2cca, 0x1b),
    (0x2ccb, 0x2ccb, 0x17),
    (0x2ccc, 0x2ccc, 0x1b),
    (0x2ccd, 0x2ccd, 0x17),
    (0x2cce, 0x2cce, 0x1b),
    (0x2ccf, 0x2ccf, 0x17),
    (0x2cd0, 0x2cd0, 0x1b),
    (0x2cd1, 0x2cd1, 0x17),
    (0x2cd2, 0x2cd2, 0x1b),
    (0x2cd3, 0x2cd3, 0x17),
    (0x2cd4, 0x2cd4, 0x1b),
    (0x2cd5, 0x2cd5, 0x17),
    (0x2cd6, 0x2cd6, 0x1b),
    (0x2cd7, 0x2cd7, 0x17),
    (0x2cd8, 0x2cd8, 0x1b),
    (0x2cd9, 0x2cd9, 0x17),
    (0x2cda, 0x2cda, 0x1b),
    (0x2cdb, 0x2cdb, 0x17),
    (0x2cdc, 0x2cdc, 0x1b),
    (0x2cdd, 0x2cdd, 0x17),
    (0x2cde, 0x2cde, 0x1b),
    (0x2cdf, 0x2cdf, 0x17),
    (0x2ce0, 0x2ce0, 0x1b),
    (0x2ce1, 0x2ce1, 0x17),
    (0x2ce2, 0x2ce2, 0x1b),
    (0x2ce3, 0x2ce3, 0x17),
    (0x2ce4, 0x2ce4, 0x7),
    (0x2ce5, 0x2cea, 0x40),
    (0x2ceb, 0x2ceb, 0x1b),
    (0x2cec, 0x2cec, 0x17),
    (0x2ced, 0x2ced, 0x1b),
    (0x2cee, 0x2cee, 0x17),
    (0x2cef, 0x2cf1, 0x80),
    (0x2cf2, 0x2cf2, 0x1b),
    (0x2cf3, 0x2cf3, 0x17),
    (0x2cf9, 0x2cfc, 0x40),
    (0x2cfd, 0x2cfd, 0x2),
    (0x2cfe, 0x2cff, 0x40),
    (0x2d00, 0x2d25, 0x17),
    (0x2d27, 0x2d27, 0x17),
    (0x2d2d, 0x2d2d, 0x17),
    (0x2d30, 0x2d67, 0x3),
    (0x2d6f, 0x2d6f, 0x3),
    (0x2d70, 0x2d70, 0x40),
    (0x2d7f, 0x2d7f, 0x80),
    (0x2d80, 0x2d96, 0x3),
    (0x2da0, 0x2da6, 0x3),
    (0x2da8, 0x2dae, 0x3),
    (0x2db0, 0x2db6, 0x3),
    (0x2db8, 0x2dbe, 0x3),
    (0x2dc0, 0x2dc6, 0x3),
    (0x2dc8, 0x2dce, 0x3),
    (0x2dd0, 0x2dd6, 0x3),
    (0x2dd8, 0x2dde, 0x3),
    (0x2de0, 0x2dff, 0x80),
    (0x2e00, 0x2e2e, 0x40),
    (0x2e2f, 0x2e2f, 0x3),
    (0x2e30, 0x2e5d, 0x40),
    (0x2e80, 0x2e99, 0x40),
    (0x2e9b, 0x2ef3, 0x40),
    (0x2f00, 0x2fd5, 0x40),
    (0x2ff0, 0x2fff, 0x40),
    (0x3000, 0x3000, 0x20),
    (0x3001, 0x3004, 0x40),
    (0x3005, 0x3006, 0x3),
    (0x3007, 0x3007, 0x2),
    (0x3008, 0x3020, 0x40),
    (0x3021, 0x3029, 0x2),
    (0x302a, 0x302f, 0x80),
    (0x3030, 0x3030, 0x40),
    (0x3031, 0x3035, 0x3),
    (0x3036, 0x3037, 0x40),
    (0x3038, 0x303a, 0x2),
    (0x303b, 0x303c, 0x3),
    (0x303d, 0x303f, 0x40),
    (0x3041, 0x3096, 0x3),
    (0x3099, 0x309a, 0x80),
    (0x309b, 0x309c, 0x40),
    (0x309d, 0x309f, 0x3),
    (0x30a0, 0x30a0, 0x40),
    (0x30a1, 0x30fa, 0x3),
    (0x30fb, 0x30fb, 0x40),
    (0x30fc, 0x30ff, 0x3),
    (0x3105, 0x312f, 0x3),
    (0x3131, 0x318e, 0x3),
    (0x3190, 0x3191, 0x40),
    (0x3192, 0x3195, 0x2),
    (0x3196, 0x319f, 0x40),
    (0x31a0, 0x31bf, 0x3),
    (0x31c0, 0x31e5, 0x40),
    (0x31ef, 0x31ef, 0x40),
    (0x31f0, 0x31ff, 0x3),
    (0x3200, 0x321e, 0x40),
    (0x3220, 0x3229, 0x2),
    (0x322a, 0x3247, 0x40),
    (0x3248, 0x324f, 0x2),
    (0x3250, 0x3250, 0x40),
    (0x3251, 0x325f, 0x2),
    (0x3260, 0x327f, 0x40),
    (0x3280, 0x3289, 0x2),
    (0x328a, 0x32b0, 0x40),
    (0x32b1, 0x32bf, 0x2),
    (0x32c0, 0x33ff, 0x40),
    (0x3400, 0x4dbf, 0x3),
    (0x4dc0, 0x4dff, 0x40),
    (0x4e00, 0xa48c, 0x3),
    (0xa490, 0xa4c6, 0x40),
    (0xa4d0, 0xa4fd, 0x3),
    (0xa4fe, 0xa4ff, 0x40),
    (0xa500, 0xa60c, 0x3),
    (0xa60d, 0xa60f, 0x40),
    (0xa610, 0xa61f, 0x3),
    (0xa620, 0xa629, 0x102),
    (0xa62a, 0xa62b, 0x3),
    (0xa640, 0xa640, 0x1b),
    (0xa641, 0xa641, 0x17),
    (0xa642, 0xa642, 0x1b),
    (0xa643, 0xa643, 0x17),
    (0xa644, 0xa644, 0x1b),
    (0xa645, 0xa645, 0x17),
    (0xa646, 0xa646, 0x1b),
    (0xa647, 0xa647, 0x17),
    (0xa648, 0xa648, 0x1b),
    (0xa649, 0xa649, 0x17),
    (0xa64a, 0xa64a, 0x1b),
    (0xa64b, 0xa64b, 0x17),
    (0xa64c, 0xa64c, 0x1b),
    (0xa64d, 0xa64d, 0x17),
    (0xa64e, 0xa64e, 0x1b),
    (0xa64f, 0xa64f, 0x17),
    (0xa650, 0xa650, 0x1b),
    (0xa651, 0xa651, 0x17),
    (0xa652, 0xa652, 0x1b),
    (0xa653, 0xa653, 0x17),
    (0xa654, 0xa654, 0x1b),
    (0xa655, 0xa655, 0x17),
    (0xa656, 0xa656, 0x1b),
    (0xa657, 0xa657, 0x17),
    (0xa658, 0xa658, 0x1b),
    (0xa659, 0xa659, 0x17),
    (0xa65a, 0xa65a, 0x1b),
    (0xa65b, 0xa65b, 0x17),
    (0xa65c, 0xa65c, 0x1b),
    (0xa65d, 0xa65d, 0x17),
    (0xa65e, 0xa65e, 0x1b),
    (0xa65f, 0xa65f, 0x17),
    (0xa660, 0xa660, 0x1b),
    (0xa661, 0xa661, 0x17),
    (0xa662, 0xa662, 0x1b),
    (0xa663, 0xa663, 0x17),
    (0xa664, 0xa664, 0x1b),
    (0xa665, 0xa665, 0x17),
    (0xa666, 0xa666, 0x1b),
    (0xa667, 0xa667, 0x17),
    (0xa668, 0xa668, 0x1b),
    (0xa669, 0xa669, 0x17),
    (0xa66a, 0xa66a, 0x1b),
    (0xa66b, 0xa66b, 0x17),
    (0xa66c, 0xa66c, 0x1b),
    (0xa66d, 0xa66d, 0x17),
    (0xa66e, 0xa66e, 0x3),
    (0xa66f, 0xa672, 0x80),
    (0xa673, 0xa673, 0x40),
    (0xa674, 0xa67d, 0x80),
    (0xa67e, 0xa67e, 0x40),
    (0xa67f, 0xa67f, 0x3),
    (0xa680, 0xa680, 0x1b),
    (0xa681, 0xa681, 0x17),
    (0xa682, 0xa682, 0x1b),
    (0xa683, 0xa683, 0x17),
    (0xa684, 0xa684, 0x1b),
    (0xa685, 0xa685, 0x17),
    (0xa686, 0xa686, 0x1b),
    (0xa687, 0xa687, 0x17),
    (0xa688, 0xa688, 0x1b),
    (0xa689, 0xa689, 0x17),
    (0xa68a, 0xa68a, 0x1b),
    (0xa68b, 0xa68b, 0x17),
    (0xa68c, 0xa68c, 0x1b),
    (0xa68d, 0xa68d, 0x17),
    (0xa68e, 0xa68e, 0x1b),
    (0xa68f, 0xa68f, 0x17),
    (0xa690, 0xa690, 0x1b),
    (0xa691, 0xa691, 0x17),
    (0xa692, 0xa692, 0x1b),
    (0xa693, 0xa693, 0x17),
    (0xa694, 0xa694, 0x1b),
    (0xa695, 0xa695, 0x17),
    (0xa696, 0xa696, 0x1b),
    (0xa697, 0xa697, 0x17),
    (0xa698, 0xa698, 0x1b),
    (0xa699, 0xa699, 0x17),
    (0xa69a, 0xa69a, 0x1b),
    (0xa69b, 0xa69b, 0x17),
    (0xa69c, 0xa69d, 0x7),
    (0xa69e, 0xa69f, 0x80),
    (0xa6a0, 0xa6e5, 0x3),
    (0xa6e6, 0xa6ef, 0x2),
    (0xa6f0, 0xa6f1, 0x80),
    (0xa6f2, 0xa6f7, 0x40),
    (0xa700, 0xa716, 0x40),
    (0xa717, 0xa71f, 0x3),
    (0xa720, 0xa721, 0x40),
    (0xa722, 0xa722, 0x1b),
    (0xa723, 0xa723, 0x17),
    (0xa724, 0xa724, 0x1b),
    (0xa725, 0xa725, 0x17),
    (0xa726, 0xa726, 0x1b),
    (0xa727, 0xa727, 0x17),
    (0xa728, 0xa728, 0x1b),
    (0xa729, 0xa729, 0x17),
    (0xa72a, 0xa72a, 0x1b),
    (0xa72b, 0xa72b, 0x17),
    (0xa72c, 0xa72c, 0x1b),
    (0xa72d, 0xa72d, 0x17),
    (0xa72e, 0xa72e, 0x1b),
    (0xa72f, 0xa72f, 0x17),
    (0xa730, 0xa731, 0x7),
    (0xa732, 0xa732, 0x1b),
    (0xa733, 0xa733, 0x17),
    (0xa734, 0xa734, 0x1b),
    (0xa735, 0xa735, 0x17),
    (0xa736, 0xa736, 0x1b),
    (0xa737, 0xa737, 0x17),
    (0xa738, 0xa738, 0x1b),
    (0xa739, 0xa739, 0x17),
    (0xa73a, 0xa73a, 0x1b),
    (0xa73b, 0xa73b, 0x17),
    (0xa73c, 0xa73c, 0x1b),
    (0xa73d, 0xa73d, 0x17),
    (0xa73e, 0xa73e, 0x1b),
    (0xa73f, 0xa73f, 0x17),
    (0xa740, 0xa740, 0x1b),
    (0xa741, 0xa741, 0x17),
    (0xa742, 0xa742, 0x1b),
    (0xa743, 0xa743, 0x17),
    (0xa744, 0xa744, 0x1b),
    (0xa745, 0xa745, 0x17),
    (0xa746, 0xa746, 0x1b),
    (0xa747, 0xa747, 0x17),
    (0xa748, 0xa748, 0x1b),
    (0xa749, 0xa749, 0x17),
    (0xa74a, 0xa74a, 0x1b),
    (0xa74b, 0xa74b, 0x17),
    (0xa74c, 0xa74c, 0x1b),
    (0xa74d, 0xa74d, 0x17),
    (0xa74e, 0xa74e, 0x1b),
    (0xa74f, 0xa74f, 0x17),
    (0xa750, 0xa750, 0x1b),
    (0xa751, 0xa751, 0x17),
    (0xa752, 0xa752, 0x1b),
    (0xa753, 0xa753, 0x17),
    (0xa754, 0xa754, 0x1b),
    (0xa755, 0xa755, 0x17),
    (0xa756, 0xa756, 0x1b),
    (0xa757, 0xa757, 0x17),
    (0xa758, 0xa758, 0x1b),
    (0xa759, 0xa759, 0x17),
    (0xa75a, 0xa75a, 0x1b),
    (0xa75b, 0xa75b, 0x17),
    (0xa75c, 0xa75c, 0x1b),
    (0xa75d, 0xa75d, 0x17),
    (0xa75e, 0xa75e, 0x1b),
    (0xa75f, 0xa75f, 0x17),
    (0xa760, 0xa760, 0x1b),
    (0xa761, 0xa761, 0x17),
    (0xa762, 0xa762, 0x1b),
    (0xa763, 0xa763, 0x17),
    (0xa764, 0xa764, 0x1b),
    (0xa765, 0xa765, 0x17),
    (0xa766, 0xa766, 0x1b),
    (0xa767, 0xa767, 0x17),
    (0xa768, 0xa768, 0x1b),
    (0xa769, 0xa769, 0x17),
    (0xa76a, 0xa76a, 0x1b),
    (0xa76b, 0xa76b, 0x17),
    (0xa76c, 0xa76c, 0x1b),
    (0xa76d, 0xa76d, 0x17),
    (0xa76e, 0xa76e, 0x1b),
    (0xa76f, 0xa76f, 0x17),
    (0xa770, 0xa778, 0x7),
    (0xa779, 0xa779, 0x1b),
    (0xa77a, 0xa77a, 0x17),
    (0xa77b, 0xa77b, 0x1b),
    (0xa77c, 0xa77c, 0x17),
    (0xa77d, 0xa77e, 0x1b),
    (0xa77f, 0xa77f, 0x17),
    (0xa780, 0xa780, 0x1b),
    (0xa781, 0xa781, 0x17),
    (0xa782, 0xa782, 0x1b),
    (0xa783, 0xa783, 0x17),
    (0xa784, 0xa784, 0x1b),
    (0xa785, 0xa785, 0x17),
    (0xa786, 0xa786, 0x1b),
    (0xa787, 0xa787, 0x17),
    (0xa788, 0xa788, 0x3),
    (0xa789, 0xa78a, 0x40),
    (0xa78b, 0xa78b, 0x1b),
    (0xa78c, 0xa78c, 0x17),
    (0xa78d, 0xa78d, 0x1b),
    (0xa78e, 0xa78e, 0x7),
    (0xa78f, 0xa78f, 0x3),
    (0xa790, 0xa790, 0x1b),
    (0xa791, 0xa791, 0x17),
    (0xa792, 0xa792, 0x1b),
    (0xa793, 0xa794, 0x17),
    (0xa795, 0xa795, 0x7),
    (0xa796, 0xa796, 0x1b),
    (0xa797, 0xa797, 0x17),
    (0xa798, 0xa798, 0x1b),
    (0xa799, 0xa799, 0x17),
    (0xa79a, 0xa79a, 0x1b),
    (0xa79b, 0xa79b, 0x17),
    (0xa79c, 0xa79c, 0x1b),
    (0xa79d, 0xa79d, 0x17),
    (0xa79e, 0xa79e, 0x1b),
    (0xa79f, 0xa79f, 0x17),
    (0xa7a0, 0xa7a0, 0x1b),
    (0xa7a1, 0xa7a1, 0x17),
    (0xa7a2, 0xa7a2, 0x1b),
    (0xa7a3, 0xa7a3, 0x17),
    (0xa7a4, 0xa7a4, 0x1b),
    (0xa7a5, 0xa7a5, 0x17),
    (0xa7a6, 0xa7a6, 0x1b),
    (0xa7a7, 0xa7a7, 0x17),
    (0xa7a8, 0xa7a8, 0x1b),
    (0xa7a9, 0xa7a9, 0x17),
    (0xa7aa, 0xa7ae, 0x1b),
    (0xa7af, 0xa7af, 0x7),
    (0xa7b0, 0xa7b4, 0x1b),
    (0xa7b5, 0xa7b5, 0x17),
    (0xa7b6, 0xa7b6, 0x1b),
    (0xa7b7, 0xa7b7, 0x17),
    (0xa7b8, 0xa7b8, 0x1b),
    (0xa7b9, 0xa7b9, 0x17),
    (0xa7ba, 0xa7ba, 0x1b),
    (0xa7bb, 0xa7bb, 0x17),
    (0xa7bc, 0xa7bc, 0x1b),
    (0xa7bd, 0xa7bd, 0x17),
    (0xa7be, 0xa7be, 0x1b),
    (0xa7bf, 0xa7bf, 0x17),
    (0xa7c0, 0xa7c0, 0x1b),
    (0xa7c1, 0xa7c1, 0x17),
    (0xa7c2, 0xa7c2, 0x1b),
    (0xa7c3, 0xa7c3, 0x17),
    (0xa7c4, 0xa7c7, 0x1b),
    (0xa7c8, 0xa7c8, 0x17),
    (0xa7c9, 0xa7c9, 0x1b),
    (0xa7ca, 0xa7ca, 0x17),
    (0xa7cb, 0xa7cc, 0x1b),
    (0xa7cd, 0xa7cd, 0x17),
    (0xa7d0, 0xa7d0, 0x1b),
    (0xa7d1, 0xa7d1, 0x17),
    (0xa7d3, 0xa7d3, 0x7),
    (0xa7d5, 0xa7d5, 0x7),
    (0xa7d6, 0xa7d6, 0x1b),
    (0xa7d7, 0xa7d7, 0x17),
    (0xa7d8, 0xa7d8, 0x1b),
    (0xa7d9, 0xa7d9, 0x17),
    (0xa7da, 0xa7da, 0x1b),
    (0xa7db, 0xa7db, 0x17),
    (0xa7dc, 0xa7dc, 0x1b),
    (0xa7f2, 0xa7f4, 0x7),
    (0xa7f5, 0xa7f5, 0x1b),
    (0xa7f6, 0xa7f6, 0x17),
    (0xa7f7, 0xa7f7, 0x3),
    (0xa7f8, 0xa7fa, 0x7),
    (0xa7fb, 0xa801, 0x3),
    (0xa802, 0xa802, 0x80),
    (0xa803, 0xa805, 0x3),
    (0xa806, 0xa806, 0x80),
    (0xa807, 0xa80a, 0x3),
    (0xa80b, 0xa80b, 0x80),
    (0xa80c, 0xa822, 0x3),
    (0xa823, 0xa827, 0x80),
    (0xa828, 0xa82b, 0x40),
    (0xa82c, 0xa82c, 0x80),
    (0xa830, 0xa835, 0x2),
    (0xa836, 0xa839, 0x40),
    (0xa840, 0xa873, 0x3),
    (0xa874, 0xa877, 0x40),
    (0xa880, 0xa881, 0x80),
    (0xa882, 0xa8b3, 0x3),
    (0xa8b4, 0xa8c5, 0x80),
    (0xa8ce, 0xa8cf, 0x40),
    (0xa8d0, 0xa8d9, 0x102),
    (0xa8e0, 0xa8f1, 0x80),
    (0xa8f2, 0xa8f7, 0x3),
    (0xa8f8, 0xa8fa, 0x40),
    (0xa8fb, 0xa8fb, 0x3),
    (0xa8fc, 0xa8fc, 0x40),
    (0xa8fd, 0xa8fe, 0x3),
    (0xa8ff, 0xa8ff, 0x80),
    (0xa900, 0xa909, 0x102),
    (0xa90a, 0xa925, 0x3),
    (0xa926, 0xa92d, 0x80),
    (0xa92e, 0xa92f, 0x40),
    (0xa930, 0xa946, 0x3),
    (0xa947, 0xa953, 0x80),
    (0xa95f, 0xa95f, 0x40),
    (0xa960, 0xa97c, 0x3),
    (0xa980, 0xa983, 0x80),
    (0xa984, 0xa9b2, 0x3),
    (0xa9b3, 0xa9c0, 0x80),
    (0xa9c1, 0xa9cd, 0x40),
    (0xa9cf, 0xa9cf, 0x3),
    (0xa9d0, 0xa9d9, 0x102),
    (0xa9de, 0xa9df, 0x40),
    (0xa9e0, 0xa9e4, 0x3),
    (0xa9e5, 0xa9e5, 0x80),
    (0xa9e6, 0xa9ef, 0x3),
    (0xa9f0, 0xa9f9, 0x102),
    (0xa9fa, 0xa9fe, 0x3),
    (0xaa00, 0xaa28, 0x3),
    (0xaa29, 0xaa36, 0x80),
    (0xaa40, 0xaa42, 0x3),
    (0xaa43, 0xaa43, 0x80),
    (0xaa44, 0xaa4b, 0x3),
    (0xaa4c, 0xaa4d, 0x80),
    (0xaa50, 0xaa59, 0x102),
    (0xaa5c, 0xaa5f, 0x40),
    (0xaa60, 0xaa76, 0x3),
    (0xaa77, 0xaa79, 0x40),
    (0xaa7a, 0xaa7a, 0x3),
    (0xaa7b, 0xaa7d, 0x80),
    (0xaa7e, 0xaaaf, 0x3),
    (0xaab0, 0xaab0, 0x80),
    (0xaab1, 0xaab1, 0x3),
    (0xaab2, 0xaab4, 0x80),
    (0xaab5, 0xaab6, 0x3),
    (0xaab7, 0xaab8, 0x80),
    (0xaab9, 0xaabd, 0x3),
    (0xaabe, 0xaabf, 0x80),
    (0xaac0, 0xaac0, 0x3),
    (0xaac1, 0xaac1, 0x80),
    (0xaac2, 0xaac2, 0x3),
    (0xaadb, 0xaadd, 0x3),
    (0xaade, 0xaadf, 0x40),
    (0xaae0, 0xaaea, 0x3),
    (0xaaeb, 0xaaef, 0x80),
    (0xaaf0, 0xaaf1, 0x40),
    (0xaaf2, 0xaaf4, 0x3),
    (0xaaf5, 0xaaf6, 0x80),
    (0xab01, 0xab06, 0x3),
    (0xab09, 0xab0e, 0x3),
    (0xab11, 0xab16, 0x3),
    (0xab20, 0xab26, 0x3),
    (0xab28, 0xab2e, 0x3),
    (0xab30, 0xab52, 0x7),
    (0xab53, 0xab53, 0x17),
    (0xab54, 0xab5a, 0x7),
    (0xab5b, 0xab5b, 0x40),
    (0xab5c, 0xab69, 0x7),
    (0xab6a, 0xab6b, 0x40),
    (0xab70, 0xabbf, 0x17),
    (0xabc0, 0xabe2, 0x3),
    (0xabe3, 0xabea, 0x80),
    (0xabeb, 0xabeb, 0x40),
    (0xabec, 0xabed, 0x80),
    (0xabf0, 0xabf9, 0x102),
    (0xac00, 0xd7a3, 0x3),
    (0xd7b0, 0xd7c6, 0x3),
    (0xd7cb, 0xd7fb, 0x3),
    (0xf900, 0xfa6d, 0x3),
    (0xfa70, 0xfad9, 0x3),
    (0xfb00, 0xfb06, 0x17),
    (0xfb13, 0xfb17, 0x17),
    (0xfb1d, 0xfb1d, 0x3),
    (0xfb1e, 0xfb1e, 0x80),
    (0xfb1f, 0xfb28, 0x3),
    (0xfb29, 0xfb29, 0x40),
    (0xfb2a, 0xfb36, 0x3),
    (0xfb38, 0xfb3c, 0x3),
    (0xfb3e, 0xfb3e, 0x3),
    (0xfb40, 0xfb41, 0x3),
    (0xfb43, 0xfb44, 0x3),
    (0xfb46, 0xfbb1, 0x3),
    (0xfbb2, 0xfbc2, 0x40),
    (0xfbd3, 0xfd3d, 0x3),
    (0xfd3e, 0xfd4f, 0x40),
    (0xfd50, 0xfd8f, 0x3),
    (0xfd92, 0xfdc7, 0x3),
    (0xfdcf, 0xfdcf, 0x40),
    (0xfdf0, 0xfdfb, 0x3),
    (0xfdfc, 0xfdff, 0x40),
    (0xfe00, 0xfe0f, 0x80),
    (0xfe10, 0xfe19, 0x40),
    (0xfe20, 0xfe2f, 0x80),
    (0xfe30, 0xfe52, 0x40),
    (0xfe54, 0xfe66, 0x40),
    (0xfe68, 0xfe6b, 0x40),
    (0xfe70, 0xfe74, 0x3),
    (0xfe76, 0xfefc, 0x3),
    (0xff01, 0xff0f, 0x40),
    (0xff10, 0xff19, 0x102),
    (0xff1a, 0xff20, 0x40),
    (0xff21, 0xff3a, 0x1b),
    (0xff3b, 0xff40, 0x40),
    (0xff41, 0xff5a, 0x17),
    (0xff5b, 0xff65, 0x40),
    (0xff66, 0xffbe, 0x3),
    (0xffc2, 0xffc7, 0x3),
    (0xffca, 0xffcf, 0x3),
    (0xffd2, 0xffd7, 0x3),
    (0xffda, 0xffdc, 0x3),
    (0xffe0, 0xffe6, 0x40),
    (0xffe8, 0xffee, 0x40),
    (0xfffc, 0xfffd, 0x40),
    (0x10000, 0x1000b, 0x3),
    (0x1000d, 0x10026, 0x3),
    (0x10028, 0x1003a, 0x3),
    (0x1003c, 0x1003d, 0x3),
    (0x1003f, 0x1004d, 0x3),
    (0x10050, 0x1005d, 0x3),
    (0x10080, 0x100fa, 0x3),
    (0x10100, 0x10102, 0x40),
    (0x10107, 0x10133, 0x2),
    (0x10137, 0x1013f, 0x40),
    (0x10140, 0x10178, 0x2),
    (0x10179, 0x10189, 0x40),
    (0x1018a, 0x1018b, 0x2),
    (0x1018c, 0x1018e, 0x40),
    (0x10190, 0x1019c, 0x40),
    (0x101a0, 0x101a0, 0x40),
    (0x101d0, 0x101fc, 0x40),
    (0x101fd, 0x101fd, 0x80),
    (0x10280, 0x1029c, 0x3),
    (0x102a0, 0x102d0, 0x3),
    (0x102e0, 0x102e0, 0x80),
    (0x102e1, 0x102fb, 0x2),
    (0x10300, 0x1031f, 0x3),
    (0x10320, 0x10323, 0x2),
    (0x1032d, 0x10340, 0x3),
    (0x10341, 0x10341, 0x2),
    (0x10342, 0x10349, 0x3),
    (0x1034a, 0x1034a, 0x2),
    (0x10350, 0x10375, 0x3),
    (0x10376, 0x1037a, 0x80),
    (0x10380, 0x1039d, 0x3),
    (0x1039f, 0x1039f, 0x40),
    (0x103a0, 0x103c3, 0x3),
    (0x103c8, 0x103cf, 0x3),
    (0x103d0, 0x103d0, 0x40),
    (0x103d1, 0x103d5, 0x2),
    (0x10400, 0x10427, 0x1b),
    (0x10428, 0x1044f, 0x17),
    (0x10450, 0x1049d, 0x3),
    (0x104a0, 0x104a9, 0x102),
    (0x104b0, 0x104d3, 0x1b),
    (0x104d8, 0x104fb, 0x17),
    (0x10500, 0x10527, 0x3),
    (0x10530, 0x10563, 0x3),
    (0x1056f, 0x1056f, 0x40),
    (0x10570, 0x1057a, 0x1b),
    (0x1057c, 0x1058a, 0x1b),
    (0x1058c, 0x10592, 0x1b),
    (0x10594, 0x10595, 0x1b),
    (0x10597, 0x105a1, 0x17),
    (0x105a3, 0x105b1, 0x17),
    (0x105b3, 0x105b9, 0x17),
    (0x105bb, 0x105bc, 0x17),
    (0x105c0, 0x105f3, 0x3),
    (0x10600, 0x10736, 0x3),
    (0x10740, 0x10755, 0x3),
    (0x10760, 0x10767, 0x3),
    (0x10780, 0x10780, 0x7),
    (0x10781, 0x10782, 0x3),
    (0x10783, 0x10785, 0x7),
    (0x10787, 0x107b0, 0x7),
    (0x107b2, 0x107ba, 0x7),
    (0x10800, 0x10805, 0x3),
    (0x10808, 0x10808, 0x3),
    (0x1080a, 0x10835, 0x3),
    (0x10837, 0x10838, 0x3),
    (0x1083c, 0x1083c, 0x3),
    (0x1083f, 0x10855, 0x3),
    (0x10857, 0x10857, 0x40),
    (0x10858, 0x1085f, 0x2),
    (0x10860, 0x10876, 0x3),
    (0x10877, 0x10878, 0x40),
    (0x10879, 0x1087f, 0x2),
    (0x10880, 0x1089e, 0x3),
    (0x108a7, 0x108af, 0x2),
    (0x108e0, 0x108f2, 0x3),
    (0x108f4, 0x108f5, 0x3),
    (0x108fb, 0x108ff, 0x2),
    (0x10900, 0x10915, 0x3),
    (0x10916, 0x1091b, 0x2),
    (0x1091f, 0x1091f, 0x40),
    (0x10920, 0x10939, 0x3),
    (0x1093f, 0x1093f, 0x40),
    (0x10980, 0x109b7, 0x3),
    (0x109bc, 0x109bd, 0x2),
    (0x109be, 0x109bf, 0x3),
    (0x109c0, 0x109cf, 0x2),
    (0x109d2, 0x109ff, 0x2),
    (0x10a00, 0x10a00, 0x3),
    (0x10a01, 0x10a03, 0x80),
    (0x10a05, 0x10a06, 0x80),
    (0x10a0c, 0x10a0f, 0x80),
    (0x10a10, 0x10a13, 0x3),
    (0x10a15, 0x10a17, 0x3),
    (0x10a19, 0x10a35, 0x3),
    (0x10a38, 0x10a3a, 0x80),
    (0x10a3f, 0x10a3f, 0x80),
    (0x10a40, 0x10a43, 0x102),
    (0x10a44, 0x10a48, 0x2),
    (0x10a50, 0x10a58, 0x40),
    (0x10a60, 0x10a7c, 0x3),
    (0x10a7d, 0x10a7e, 0x2),
    (0x10a7f, 0x10a7f, 0x40),
    (0x10a80, 0x10a9c, 0x3),
    (0x10a9d, 0x10a9f, 0x2),
    (0x10ac0, 0x10ac7, 0x3),
    (0x10ac8, 0x10ac8, 0x40),
    (0x10ac9, 0x10ae4, 0x3),
    (0x10ae5, 0x10ae6, 0x80),
    (0x10aeb, 0x10aef, 0x2),
    (0x10af0, 0x10af6, 0x40),
    (0x10b00, 0x10b35, 0x3),
    (0x10b39, 0x10b3f, 0x40),
    (0x10b40, 0x10b55, 0x3),
    (0x10b58, 0x10b5f, 0x2),
    (0x10b60, 0x10b72, 0x3),
    (0x10b78, 0x10b7f, 0x2),
    (0x10b80, 0x10b91, 0x3),
    (0x10b99, 0x10b9c, 0x40),
    (0x10ba9, 0x10baf, 0x2),
    (0x10c00, 0x10c48, 0x3),
    (0x10c80, 0x10cb2, 0x1b),
    (0x10cc0, 0x10cf2, 0x17),
    (0x10cfa, 0x10cff, 0x2),
    (0x10d00, 0x10d23, 0x3),
    (0x10d24, 0x10d27, 0x80),
    (0x10d30, 0x10d39, 0x102),
    (0x10d40, 0x10d49, 0x102),
    (0x10d4a, 0x10d4f, 0x3),
    (0x10d50, 0x10d65, 0x1b),
    (0x10d69, 0x10d6d, 0x80),
    (0x10d6e, 0x10d6e, 0x40),
    (0x10d6f, 0x10d6f, 0x3),
    (0x10d70, 0x10d85, 0x17),
    (0x10d8e, 0x10d8f, 0x40),
    (0x10e60, 0x10e68, 0x102),
    (0x10e69, 0x10e7e, 0x2),
    (0x10e80, 0x10ea9, 0x3),
    (0x10eab, 0x10eac, 0x80),
    (0x10ead, 0x10ead, 0x40),
    (0x10eb0, 0x10eb1, 0x3),
    (0x10ec2, 0x10ec4, 0x3),
    (0x10efc, 0x10eff, 0x80),
    (0x10f00, 0x10f1c, 0x3),
    (0x10f1d, 0x10f26, 0x2),
    (0x10f27, 0x10f27, 0x3),
    (0x10f30, 0x10f45, 0x3),
    (0x10f46, 0x10f50, 0x80),
    (0x10f51, 0x10f54, 0x2),
    (0x10f55, 0x10f59, 0x40),
    (0x10f70, 0x10f81, 0x3),
    (0x10f82, 0x10f85, 0x80),
    (0x10f86, 0x10f89, 0x40),
    (0x10fb0, 0x10fc4, 0x3),
    (0x10fc5, 0x10fcb, 0x2),
    (0x10fe0, 0x10ff6, 0x3),
    (0x11000, 0x11002, 0x80),
    (0x11003, 0x11037, 0x3),
    (0x11038, 0x11046, 0x80),
    (0x11047, 0x1104d, 0x40),
    (0x11052, 0x1105a, 0x102),
    (0x1105b, 0x11065, 0x2),
    (0x11066, 0x1106f, 0x102),
    (0x11070, 0x11070, 0x80),
    (0x11071, 0x11072, 0x3),
    (0x11073, 0x11074, 0x80),
    (0x11075, 0x11075, 0x3),
    (0x1107f, 0x11082, 0x80),
    (0x11083, 0x110af, 0x3),
    (0x110b0, 0x110ba, 0x80),
    (0x110bb, 0x110bc, 0x40),
    (0x110be, 0x110c1, 0x40),
    (0x110c2, 0x110c2, 0x80),
    (0x110d0, 0x110e8, 0x3),
    (0x110f0, 0x110f9, 0x102),
    (0x11100, 0x11102, 0x80),
    (0x11103, 0x11126, 0x3),
    (0x11127, 0x11134, 0x80),
    (0x11136, 0x1113f, 0x102),
    (0x11140, 0x11143, 0x40),
    (0x11144, 0x11144, 0x3),
    (0x11145, 0x11146, 0x80),
    (0x11147, 0x11147, 0x3),
    (0x11150, 0x11172, 0x3),
    (0x11173, 0x11173, 0x80),
    (0x11174, 0x11175, 0x40),
    (0x11176, 0x11176, 0x3),
    (0x11180, 0x11182, 0x80),
    (0x11183, 0x111b2, 0x3),
    (0x111b3, 0x111c0, 0x80),
    (0x111c1, 0x111c4, 0x3),
    (0x111c5, 0x111c8, 0x40),
    (0x111c9, 0x111cc, 0x80),
    (0x111cd, 0x111cd, 0x40),
    (0x111ce, 0x111cf, 0x80),
    (0x111d0, 0x111d9, 0x102),
    (0x111da, 0x111da, 0x3),
    (0x111db, 0x111db, 0x40),
    (0x111dc, 0x111dc, 0x3),
    (0x111dd, 0x111df, 0x40),
    (0x111e1, 0x111f4, 0x2),
    (0x11200, 0x11211, 0x3),
    (0x11213, 0x1122b, 0x3),
    (0x1122c, 0x11237, 0x80),
    (0x11238, 0x1123d, 0x40),
    (0x1123e, 0x1123e, 0x80),
    (0x1123f, 0x11240, 0x3),
    (0x11241, 0x11241, 0x80),
    (0x11280, 0x11286, 0x3),
    (0x11288, 0x11288, 0x3),
    (0x1128a, 0x1128d, 0x3),
    (0x1128f, 0x1129d, 0x3),
    (0x1129f, 0x112a8, 0x3),
    (0x112a9, 0x112a9, 0x40),
    (0x112b0, 0x112de, 0x3),
    (0x112df, 0x112ea, 0x80),
    (0x112f0, 0x112f9, 0x102),
    (0x11300, 0x11303, 0x80),
    (0x11305, 0x1130c, 0x3),
    (0x1130f, 0x11310, 0x3),
    (0x11313, 0x11328, 0x3),
    (0x1132a, 0x11330, 0x3),
    (0x11332, 0x11333, 0x3),
    (0x11335, 0x11339, 0x3),
    (0x1133b, 0x1133c, 0x80),
    (0x1133d, 0x1133d, 0x3),
    (0x1133e, 0x11344, 0x80),
    (0x11347, 0x11348, 0x80),
    (0x1134b, 0x1134d, 0x80),
    (0x11350, 0x11350, 0x3),
    (0x11357, 0x11357, 0x80),
    (0x1135d, 0x11361, 0x3),
    (0x11362, 0x11363, 0x80),
    (0x11366, 0x1136c, 0x80),
    (0x11370, 0x11374, 0x80),
    (0x11380, 0x11389, 0x3),
    (0x1138b, 0x1138b, 0x3),
    (0x1138e, 0x1138e, 0x3),
    (0x11390, 0x113b5, 0x3),
    (0x113b7, 0x113b7, 0x3),
    (0x113b8, 0x113c0, 0x80),
    (0x113c2, 0x113c2, 0x80),
    (0x113c5, 0x113c5, 0x80),
    (0x113c7, 0x113ca, 0x80),
    (0x113cc, 0x113d0, 0x80),
    (0x113d1, 0x113d1, 0x3),
    (0x113d2, 0x113d2, 0x80),
    (0x113d3, 0x113d3, 0x3),
    (0x113d4, 0x113d5, 0x40),
    (0x113d7, 0x113d8, 0x40),
    (0x113e1, 0x113e2, 0x80),
    (0x11400, 0x11434, 0x3),
    (0x11435, 0x11446, 0x80),
    (0x11447, 0x1144a, 0x3),
    (0x1144b, 0x1144f, 0x40),
    (0x11450, 0x11459, 0x102),
    (0x1145a, 0x1145b, 0x40),
    (0x1145d, 0x1145d, 0x40),
    (0x1145e, 0x1145e, 0x80),
    (0x1145f, 0x11461, 0x3),
    (0x11480, 0x114af, 0x3),
    (0x114b0, 0x114c3, 0x80),
    (0x114c4, 0x114c5, 0x3),
    (0x114c6, 0x114c6, 0x40),
    (0x114c7, 0x114c7, 0x3),
    (0x114d0, 0x114d9, 0x102),
    (0x11580, 0x115ae, 0x3),
    (0x115af, 0x115b5, 0x80),
    (0x115b8, 0x115c0, 0x80),
    (0x115c1, 0x115d7, 0x40),
    (0x115d8, 0x115db, 0x3),
    (0x115dc, 0x115dd, 0x80),
    (0x11600, 0x1162f, 0x3),
    (0x11630, 0x11640, 0x80),
    (0x11641, 0x11643, 0x40),
    (0x11644, 0x11644, 0x3),
    (0x11650, 0x11659, 0x102),
    (0x11660, 0x1166c, 0x40),
    (0x11680, 0x116aa, 0x3),
    (0x116ab, 0x116b7, 0x80),
    (0x116b8, 0x116b8, 0x3),
    (0x116b9, 0x116b9, 0x40),
    (0x116c0, 0x116c9, 0x102),
    (0x116d0, 0x116e3, 0x102),
    (0x11700, 0x1171a, 0x3),
    (0x1171d, 0x1172b, 0x80),
    (0x11730, 0x11739, 0x102),
    (0x1173a, 0x1173b, 0x2),
    (0x1173c, 0x1173f, 0x40),
    (0x11740, 0x11746, 0x3),
    (0x11800, 0x1182b, 0x3),
    (0x1182c, 0x1183a, 0x80),
    (0x1183b, 0x1183b, 0x40),
    (0x118a0, 0x118bf, 0x1b),
    (0x118c0, 0x118df, 0x17),
    (0x118e0, 0x118e9, 0x102),
    (0x118ea, 0x118f2, 0x2),
    (0x118ff, 0x11906, 0x3),
    (0x11909, 0x11909, 0x3),
    (0x1190c, 0x11913, 0x3),
    (0x11915, 0x11916, 0x3),
    (0x11918, 0x1192f, 0x3),
    (0x11930, 0x11935, 0x80),
    (0x11937, 0x11938, 0x80),
    (0x1193b, 0x1193e, 0x80),
    (0x1193f, 0x1193f, 0x3),
    (0x11940, 0x11940, 0x80),
    (0x11941, 0x11941, 0x3),
    (0x11942, 0x11943, 0x80),
    (0x11944, 0x11946, 0x40),
    (0x11950, 0x11959, 0x102),
    (0x119a0, 0x119a7, 0x3),
    (0x119aa, 0x119d0, 0x3),
    (0x119d1, 0x119d7, 0x80),
    (0x119da, 0x119e0, 0x80),
    (0x119e1, 0x119e1, 0x3),
    (0x119e2, 0x119e2, 0x40),
    (0x119e3, 0x119e3, 0x3),
    (0x119e4, 0x119e4, 0x80),
    (0x11a00, 0x11a00, 0x3),
    (0x11a01, 0x11a0a, 0x80),
    (0x11a0b, 0x11a32, 0x3),
    (0x11a33, 0x11a39, 0x80),
    (0x11a3a, 0x11a3a, 0x3),
    (0x11a3b, 0x11a3e, 0x80),
    (0x11a3f, 0x11a46, 0x40),
    (0x11a47, 0x11a47, 0x80),
    (0x11a50, 0x11a50, 0x3),
    (0x11a51, 0x11a5b, 0x80),
    (0x11a5c, 0x11a89, 0x3),
    (0x11a8a, 0x11a99, 0x80),
    (0x11a9a, 0x11a9c, 0x40),
    (0x11a9d, 0x11a9d, 0x3),
    (0x11a9e, 0x11aa2, 0x40),
    (0x11ab0, 0x11af8, 0x3),
    (0x11b00, 0x11b09, 0x40),
    (0x11bc0, 0x11be0, 0x3),
    (0x11be1, 0x11be1, 0x40),
    (0x11bf0, 0x11bf9, 0x102),
    (0x11c00, 0x11c08, 0x3),
    (0x11c0a, 0x11c2e, 0x3),
    (0x11c2f, 0x11c36, 0x80),
    (0x11c38, 0x11c3f, 0x80),
    (0x11c40, 0x11c40, 0x3),
    (0x11c41, 0x11c45, 0x40),
    (0x11c50, 0x11c59, 0x102),
    (0x11c5a, 0x11c6c, 0x2),
    (0x11c70, 0x11c71, 0x40),
    (0x11c72, 0x11c8f, 0x3),
    (0x11c92, 0x11ca7, 0x80),
    (0x11ca9, 0x11cb6, 0x80),
    (0x11d00, 0x11d06, 0x3),
    (0x11d08, 0x11d09, 0x3),
    (0x11d0b, 0x11d30, 0x3),
    (0x11d31, 0x11d36, 0x80),
    (0x11d3a, 0x11d3a, 0x80),
    (0x11d3c, 0x11d3d, 0x80),
    (0x11d3f, 0x11d45, 0x80),
    (0x11d46, 0x11d46, 0x3),
    (0x11d47, 0x11d47, 0x80),
    (0x11d50, 0x11d59, 0x102),
    (0x11d60, 0x11d65, 0x3),
    (0x11d67, 0x11d68, 0x3),
    (0x11d6a, 0x11d89, 0x3),
    (0x11d8a, 0x11d8e, 0x80),
    (0x11d90, 0x11d91, 0x80),
    (0x11d93, 0x11d97, 0x80),
    (0x11d98, 0x11d98, 0x3),
    (0x11da0, 0x11da9, 0x102),
    (0x11ee0, 0x11ef2, 0x3),
    (0x11ef3, 0x11ef6, 0x80),
    (0x11ef7, 0x11ef8, 0x40),
    (0x11f00, 0x11f01, 0x80),
    (0x11f02, 0x11f02, 0x3),
    (0x11f03, 0x11f03, 0x80),
    (0x11f04, 0x11f10, 0x3),
    (0x11f12, 0x11f33, 0x3),
    (0x11f34, 0x11f3a, 0x80),
    (0x11f3e, 0x11f42, 0x80),
    (0x11f43, 0x11f4f, 0x40),
    (0x11f50, 0x11f59, 0x102),
    (0x11f5a, 0x11f5a, 0x80),
    (0x11fb0, 0x11fb0, 0x3),
    (0x11fc0, 0x11fd4, 0x2),
    (0x11fd5, 0x11ff1, 0x40),
    (0x11fff, 0x11fff, 0x40),
    (0x12000, 0x12399, 0x3),
    (0x12400, 0x1246e, 0x2),
    (0x12470, 0x12474, 0x40),
    (0x12480, 0x12543, 0x3),
    (0x12f90, 0x12ff0, 0x3),
    (0x12ff1, 0x12ff2, 0x40),
    (0x13000, 0x1342f, 0x3),
    (0x13440, 0x13440, 0x80),
    (0x13441, 0x13446, 0x3),
    (0x13447, 0x13455, 0x80),
    (0x13460, 0x143fa, 0x3),
    (0x14400, 0x14646, 0x3),
    (0x16100, 0x1611d, 0x3),
    (0x1611e, 0x1612f, 0x80),
    (0x16130, 0x16139, 0x102),
    (0x16800, 0x16a38, 0x3),
    (0x16a40, 0x16a5e, 0x3),
    (0x16a60, 0x16a69, 0x102),
    (0x16a6e, 0x16a6f, 0x40),
    (0x16a70, 0x16abe, 0x3),
    (0x16ac0, 0x16ac9, 0x102),
    (0x16ad0, 0x16aed, 0x3),
    (0x16af0, 0x16af4, 0x80),
    (0x16af5, 0x16af5, 0x40),
    (0x16b00, 0x16b2f, 0x3),
    (0x16b30, 0x16b36, 0x80),
    (0x16b37, 0x16b3f, 0x40),
    (0x16b40, 0x16b43, 0x3),
    (0x16b44, 0x16b45, 0x40),
    (0x16b50, 0x16b59, 0x102),
    (0x16b5b, 0x16b61, 0x2),
    (0x16b63, 0x16b77, 0x3),
    (0x16b7d, 0x16b8f, 0x3),
    (0x16d40, 0x16d6c, 0x3),
    (0x16d6d, 0x16d6f, 0x40),
    (0x16d70, 0x16d79, 0x102),
    (0x16e40, 0x16e5f, 0x1b),
    (0x16e60, 0x16e7f, 0x17),
    (0x16e80, 0x16e96, 0x2),
    (0x16e97, 0x16e9a, 0x40),
    (0x16f00, 0x16f4a, 0x3),
    (0x16f4f, 0x16f4f, 0x80),
    (0x16f50, 0x16f50, 0x3),
    (0x16f51, 0x16f87, 0x80),
    (0x16f8f, 0x16f92, 0x80),
    (0x16f93, 0x16f9f, 0x3),
    (0x16fe0, 0x16fe1, 0x3),
    (0x16fe2, 0x16fe2, 0x40),
    (0x16fe3, 0x16fe3, 0x3),
    (0x16fe4, 0x16fe4, 0x80),
    (0x16ff0, 0x16ff1, 0x80),
    (0x17000, 0x187f7, 0x3),
    (0x18800, 0x18cd5, 0x3),
    (0x18cff, 0x18d08, 0x3),
    (0x1aff0, 0x1aff3, 0x3),
    (0x1aff5, 0x1affb, 0x3),
    (0x1affd, 0x1affe, 0x3),
    (0x1b000, 0x1b122, 0x3),
    (0x1b132, 0x1b132, 0x3),
    (0x1b150, 0x1b152, 0x3),
    (0x1b155, 0x1b155, 0x3),
    (0x1b164, 0x1b167, 0x3),
    (0x1b170, 0x1b2fb, 0x3),
    (0x1bc00, 0x1bc6a, 0x3),
    (0x1bc70, 0x1bc7c, 0x3),
    (0x1bc80, 0x1bc88, 0x3),
    (0x1bc90, 0x1bc99, 0x3),
    (0x1bc9c, 0x1bc9c, 0x40),
    (0x1bc9d, 0x1bc9e, 0x80),
    (0x1bc9f, 0x1bc9f, 0x40),
    (0x1cc00, 0x1ccef, 0x40),
    (0x1ccf0, 0x1ccf9, 0x102),
    (0x1cd00, 0x1ceb3, 0x40),
    (0x1cf00, 0x1cf2d, 0x80),
    (0x1cf30, 0x1cf46, 0x80),
    (0x1cf50, 0x1cfc3, 0x40),
    (0x1d000, 0x1d0f5, 0x40),
    (0x1d100, 0x1d126, 0x40),
    (0x1d129, 0x1d164, 0x40),
    (0x1d165, 0x1d169, 0x80),
    (0x1d16a, 0x1d16c, 0x40),
    (0x1d16d, 0x1d172, 0x80),
    (0x1d17b, 0x1d182, 0x80),
    (0x1d183, 0x1d184, 0x40),
    (0x1d185, 0x1d18b, 0x80),
    (0x1d18c, 0x1d1a9, 0x40),
    (0x1d1aa, 0x1d1ad, 0x80),
    (0x1d1ae, 0x1d1ea, 0x40),
    (0x1d200, 0x1d241, 0x40),
    (0x1d242, 0x1d244, 0x80),
    (0x1d245, 0x1d245, 0x40),
    (0x1d2c0, 0x1d2d3, 0x2),
    (0x1d2e0, 0x1d2f3, 0x2),
    (0x1d300, 0x1d356, 0x40),
    (0x1d360, 0x1d378, 0x2),
    (0x1d400, 0x1d419, 0xb),
    (0x1d41a, 0x1d433, 0x7),
    (0x1d434, 0x1d44d, 0xb),
    (0x1d44e, 0x1d454, 0x7),
    (0x1d456, 0x1d467, 0x7),
    (0x1d468, 0x1d481, 0xb),
    (0x1d482, 0x1d49b, 0x7),
    (0x1d49c, 0x1d49c, 0xb),
    (0x1d49e, 0x1d49f, 0xb),
    (0x1d4a2, 0x1d4a2, 0xb),
    (0x1d4a5, 0x1d4a6, 0xb),
    (0x1d4a9, 0x1d4ac, 0xb),
    (0x1d4ae, 0x1d4b5, 0xb),
    (0x1d4b6, 0x1d4b9, 0x7),
    (0x1d4bb, 0x1d4bb, 0x7),
    (0x1d4bd, 0x1d4c3, 0x7),
    (0x1d4c5, 0x1d4cf, 0x7),
    (0x1d4d0, 0x1d4e9, 0xb),
    (0x1d4ea, 0x1d503, 0x7),
    (0x1d504, 0x1d505, 0xb),
    (0x1d507, 0x1d50a, 0xb),
    (0x1d50d, 0x1d514, 0xb),
    (0x1d516, 0x1d51c, 0xb),
    (0x1d51e, 0x1d537, 0x7),
    (0x1d538, 0x1d539, 0xb),
    (0x1d53b, 0x1d53e, 0xb),
    (0x1d540, 0x1d544, 0xb),
    (0x1d546, 0x1d546, 0xb),
    (0x1d54a, 0x1d550, 0xb),
    (0x1d552, 0x1d56b, 0x7),
    (0x1d56c, 0x1d585, 0xb),
    (0x1d586, 0x1d59f, 0x7),
    (0x1d5a0, 0x1d5b9, 0xb),
    (0x1d5ba, 0x1d5d3, 0x7),
    (0x1d5d4, 0x1d5ed, 0xb),
    (0x1d5ee, 0x1d607, 0x7),
    (0x1d608, 0x1d621, 0xb),
    (0x1d622, 0x1d63b, 0x7),
    (0x1d63c, 0x1d655, 0xb),
    (0x1d656, 0x1d66f, 0x7),
    (0x1d670, 0x1d689, 0xb),
    (0x1d68a, 0x1d6a5, 0x7),
    (0x1d6a8, 0x1d6c0, 0xb),
    (0x1d6c1, 0x1d6c1, 0x40),
    (0x1d6c2, 0x1d6da, 0x7),
    (0x1d6db, 0x1d6db, 0x40),
    (0x1d6dc, 0x1d6e1, 0x7),
    (0x1d6e2, 0x1d6fa, 0xb),
    (0x1d6fb, 0x1d6fb, 0x40),
    (0x1d6fc, 0x1d714, 0x7),
    (0x1d715, 0x1d715, 0x40),
    (0x1d716, 0x1d71b, 0x7),
    (0x1d71c, 0x1d734, 0xb),
    (0x1d735, 0x1d735, 0x40),
    (0x1d736, 0x1d74e, 0x7),
    (0x1d74f, 0x1d74f, 0x40),
    (0x1d750, 0x1d755, 0x7),
    (0x1d756, 0x1d76e, 0xb),
    (0x1d76f, 0x1d76f, 0x40),
    (0x1d770, 0x1d788, 0x7),
    (0x1d789, 0x1d789, 0x40),
    (0x1d78a, 0x1d78f, 0x7),
    (0x1d790, 0x1d7a8, 0xb),
    (0x1d7a9, 0x1d7a9, 0x40),
    (0x1d7aa, 0x1d7c2, 0x7),
    (0x1d7c3, 0x1d7c3, 0x40),
    (0x1d7c4, 0x1d7c9, 0x7),
    (0x1d7ca, 0x1d7ca, 0xb),
    (0x1d7cb, 0x1d7cb, 0x7),
    (0x1d7ce, 0x1d7ff, 0x102),
    (0x1d800, 0x1d9ff, 0x40),
    (0x1da00, 0x1da36, 0x80),
    (0x1da37, 0x1da3a, 0x40),
    (0x1da3b, 0x1da6c, 0x80),
    (0x1da6d, 0x1da74, 0x40),
    (0x1da75, 0x1da75, 0x80),
    (0x1da76, 0x1da83, 0x40),
    (0x1da84, 0x1da84, 0x80),
    (0x1da85, 0x1da8b, 0x40),
    (0x1da9b, 0x1da9f, 0x80),
    (0x1daa1, 0x1daaf, 0x80),
    (0x1df00, 0x1df09, 0x7),
    (0x1df0a, 0x1df0a, 0x3),
    (0x1df0b, 0x1df1e, 0x7),
    (0x1df25, 0x1df2a, 0x7),
    (0x1e000, 0x1e006, 0x80),
    (0x1e008, 0x1e018, 0x80),
    (0x1e01b, 0x1e021, 0x80),
    (0x1e023, 0x1e024, 0x80),
    (0x1e026, 0x1e02a, 0x80),
    (0x1e030, 0x1e06d, 0x7),
    (0x1e08f, 0x1e08f, 0x80),
    (0x1e100, 0x1e12c, 0x3),
    (0x1e130, 0x1e136, 0x80),
    (0x1e137, 0x1e13d, 0x3),
    (0x1e140, 0x1e149, 0x102),
    (0x1e14e, 0x1e14e, 0x3),
    (0x1e14f, 0x1e14f, 0x40),
    (0x1e290, 0x1e2ad, 0x3),
    (0x1e2ae, 0x1e2ae, 0x80),
    (0x1e2c0, 0x1e2eb, 0x3),
    (0x1e2ec, 0x1e2ef, 0x80),
    (0x1e2f0, 0x1e2f9, 0x102),
    (0x1e2ff, 0x1e2ff, 0x40),
    (0x1e4d0, 0x1e4eb, 0x3),
    (0x1e4ec, 0x1e4ef, 0x80),
    (0x1e4f0, 0x1e4f9, 0x102),
    (0x1e5d0, 0x1e5ed, 0x3),
    (0x1e5ee, 0x1e5ef, 0x80),
    (0x1e5f0, 0x1e5f0, 0x3),
    (0x1e5f1, 0x1e5fa, 0x102),
    (0x1e5ff, 0x1e5ff, 0x40),
    (0x1e7e0, 0x1e7e6, 0x3),
    (0x1e7e8, 0x1e7eb, 0x3),
    (0x1e7ed, 0x1e7ee, 0x3),
    (0x1e7f0, 0x1e7fe, 0x3),
    (0x1e800, 0x1e8c4, 0x3),
    (0x1e8c7, 0x1e8cf, 0x2),
    (0x1e8d0, 0x1e8d6, 0x80),
    (0x1e900, 0x1e921, 0x1b),
    (0x1e922, 0x1e943, 0x17),
    (0x1e944, 0x1e94a, 0x80),
    (0x1e94b, 0x1e94b, 0x3),
    (0x1e950, 0x1e959, 0x102),
    (0x1e95e, 0x1e95f, 0x40),
    (0x1ec71, 0x1ecab, 0x2),
    (0x1ecac, 0x1ecac, 0x40),
    (0x1ecad, 0x1ecaf, 0x2),
    (0x1ecb0, 0x1ecb0, 0x40),
    (0x1ecb1, 0x1ecb4, 0x2),
    (0x1ed01, 0x1ed2d, 0x2),
    (0x1ed2e, 0x1ed2e, 0x40),
    (0x1ed2f, 0x1ed3d, 0x2),
    (0x1ee00, 0x1ee03, 0x3),
    (0x1ee05, 0x1ee1f, 0x3),
    (0x1ee21, 0x1ee22, 0x3),
    (0x1ee24, 0x1ee24, 0x3),
    (0x1ee27, 0x1ee27, 0x3),
    (0x1ee29, 0x1ee32, 0x3),
    (0x1ee34, 0x1ee37, 0x3),
    (0x1ee39, 0x1ee39, 0x3),
    (0x1ee3b, 0x1ee3b, 0x3),
    (0x1ee42, 0x1ee42, 0x3),
    (0x1ee47, 0x1ee47, 0x3),
    (0x1ee49, 0x1ee49, 0x3),
    (0x1ee4b, 0x1ee4b, 0x3),
    (0x1ee4d, 0x1ee4f, 0x3),
    (0x1ee51, 0x1ee52, 0x3),
    (0x1ee54, 0x1ee54, 0x3),
    (0x1ee57, 0x1ee57, 0x3),
    (0x1ee59, 0x1ee59, 0x3),
    (0x1ee5b, 0x1ee5b, 0x3),
    (0x1ee5d, 0x1ee5d, 0x3),
    (0x1ee5f, 0x1ee5f, 0x3),
    (0x1ee61, 0x1ee62, 0x3),
    (0x1ee64, 0x1ee64, 0x3),
    (0x1ee67, 0x1ee6a, 0x3),
    (0x1ee6c, 0x1ee72, 0x3),
    (0x1ee74, 0x1ee77, 0x3),
    (0x1ee79, 0x1ee7c, 0x3),
    (0x1ee7e, 0x1ee7e, 0x3),
    (0x1ee80, 0x1ee89, 0x3),
    (0x1ee8b, 0x1ee9b, 0x3),
    (0x1eea1, 0x1eea3, 0x3),
    (0x1eea5, 0x1eea9, 0x3),
    (0x1eeab, 0x1eebb, 0x3),
    (0x1eef0, 0x1eef1, 0x40),
    (0x1f000, 0x1f02b, 0x40),
    (0x1f030, 0x1f093, 0x40),
    (0x1f0a0, 0x1f0ae, 0x40),
    (0x1f0b1, 0x1f0bf, 0x40),
    (0x1f0c1, 0x1f0cf, 0x40),
    (0x1f0d1, 0x1f0f5, 0x40),
    (0x1f100, 0x1f10a, 0x102),
    (0x1f10b, 0x1f10c, 0x2),
    (0x1f10d, 0x1f12f, 0x40),
    (0x1f130, 0x1f149, 0x48),
    (0x1f14a, 0x1f14f, 0x40),
    (0x1f150, 0x1f169, 0x48),
    (0x1f16a, 0x1f16f, 0x40),
    (0x1f170, 0x1f189, 0x48),
    (0x1f18a, 0x1f1ad, 0x40),
    (0x1f1e6, 0x1f202, 0x40),
    (0x1f210, 0x1f23b, 0x40),
    (0x1f240, 0x1f248, 0x40),
    (0x1f250, 0x1f251, 0x40),
    (0x1f260, 0x1f265, 0x40),
    (0x1f300, 0x1f6d7, 0x40),
    (0x1f6dc, 0x1f6ec, 0x40),
    (0x1f6f0, 0x1f6fc, 0x40),
    (0x1f700, 0x1f776, 0x40),
    (0x1f77b, 0x1f7d9, 0x40),
    (0x1f7e0, 0x1f7eb, 0x40),
    (0x1f7f0, 0x1f7f0, 0x40),
    (0x1f800, 0x1f80b, 0x40),
    (0x1f810, 0x1f847, 0x40),
    (0x1f850, 0x1f859, 0x40),
    (0x1f860, 0x1f887, 0x40),
    (0x1f890, 0x1f8ad, 0x40),
    (0x1f8b0, 0x1f8bb, 0x40),
    (0x1f8c0, 0x1f8c1, 0x40),
    (0x1f900, 0x1fa53, 0x40),
    (0x1fa60, 0x1fa6d, 0x40),
    (0x1fa70, 0x1fa7c, 0x40),
    (0x1fa80, 0x1fa89, 0x40),
    (0x1fa8f, 0x1fac6, 0x40),
    (0x1face, 0x1fadc, 0x40),
    (0x1fadf, 0x1fae9, 0x40),
    (0x1faf0, 0x1faf8, 0x40),
    (0x1fb00, 0x1fb92, 0x40),
    (0x1fb94, 0x1fbef, 0x40),
    (0x1fbf0, 0x1fbf9, 0x102),
    (0x20000, 0x2a6df, 0x3),
    (0x2a700, 0x2b739, 0x3),
    (0x2b740, 0x2b81d, 0x3),
    (0x2b820, 0x2cea1, 0x3),
    (0x2ceb0, 0x2ebe0, 0x3),
    (0x2ebf0, 0x2ee5d, 0x3),
    (0x2f800, 0x2fa1d, 0x3),
    (0x30000, 0x3134a, 0x3),
    (0x31350, 0x323af, 0x3),
    (0xe0100, 0xe01ef, 0x80),
];

const SCRIPTS: &[(u32, u32, u8)] = &[
    (0x41, 0x5a, 1),
    (0x61, 0x7a, 1),
    (0xc0, 0xd6, 1),
    (0xd8, 0xf6, 1),
    (0xf8, 0x2af, 1),
    (0x370, 0x374, 2),
    (0x376, 0x377, 2),
    (0x37a, 0x37d, 2),
    (0x37f, 0x37f, 2),
    (0x386, 0x386, 2),
    (0x388, 0x38a, 2),
    (0x38c, 0x38c, 2),
    (0x38e, 0x3a1, 2),
    (0x3a3, 0x3e1, 2),
    (0x3f0, 0x3f5, 2),
    (0x3f7, 0x3ff, 2),
    (0x400, 0x481, 3),
    (0x48a, 0x52f, 3),
    (0x531, 0x556, 4),
    (0x559, 0x559, 4),
    (0x560, 0x588, 4),
    (0x5d0, 0x5ea, 5),
    (0x5ef, 0x5f2, 5),
    (0x620, 0x64a, 6),
    (0x66e, 0x66f, 6),
    (0x671, 0x6d3, 6),
    (0x6d5, 0x6d5, 6),
    (0x6e5, 0x6e6, 6),
    (0x6ee, 0x6ef, 6),
    (0x6fa, 0x6fc, 6),
    (0x6ff, 0x6ff, 6),
    (0x710, 0x710, 7),
    (0x712, 0x72f, 7),
    (0x74d, 0x74f, 7),
    (0x750, 0x77f, 6),
    (0x780, 0x7a5, 8),
    (0x7b1, 0x7b1, 8),
    (0x860, 0x86a, 7),
    (0x870, 0x887, 6),
    (0x889, 0x88e, 6),
    (0x8a0, 0x8c9, 6),
    (0x904, 0x939, 9),
    (0x93d, 0x93d, 9),
    (0x950, 0x950, 9),
    (0x958, 0x961, 9),
    (0x971, 0x97f, 9),
    (0x980, 0x980, 10),
    (0x985, 0x98c, 10),
    (0x98f, 0x990, 10),
    (0x993, 0x9a8, 10),
    (0x9aa, 0x9b0, 10),
    (0x9b2, 0x9b2, 10),
    (0x9b6, 0x9b9, 10),
    (0x9bd, 0x9bd, 10),
    (0x9ce, 0x9ce, 10),
    (0x9dc, 0x9dd, 10),
    (0x9df, 0x9e1, 10),
    (0x9f0, 0x9f1, 10),
    (0x9fc, 0x9fc, 10),
    (0xa05, 0xa0a, 11),
    (0xa0f, 0xa10, 11),
    (0xa13, 0xa28, 11),
    (0xa2a, 0xa30, 11),
    (0xa32, 0xa33, 11),
    (0xa35, 0xa36, 11),
    (0xa38, 0xa39, 11),
    (0xa59, 0xa5c, 11),
    (0xa5e, 0xa5e, 11),
    (0xa72, 0xa74, 11),
    (0xa85, 0xa8d, 12),
    (0xa8f, 0xa91, 12),
    (0xa93, 0xaa8, 12),
    (0xaaa, 0xab0, 12),
    (0xab2, 0xab3, 12),
    (0xab5, 0xab9, 12),
    (0xabd, 0xabd, 12),
    (0xad0, 0xad0, 12),
    (0xae0, 0xae1, 12),
    (0xaf9, 0xaf9, 12),
    (0xb05, 0xb0c, 13),
    (0xb0f, 0xb10, 13),
    (0xb13, 0xb28, 13),
    (0xb2a, 0xb30, 13),
    (0xb32, 0xb33, 13),
    (0xb35, 0xb39, 13),
    (0xb3d, 0xb3d, 13),
    (0xb5c, 0xb5d, 13),
    (0xb5f, 0xb61, 13),
    (0xb71, 0xb71, 13),
    (0xb83, 0xb83, 14),
    (0xb85, 0xb8a, 14),
    (0xb8e, 0xb90, 14),
    (0xb92, 0xb95, 14),
    (0xb99, 0xb9a, 14),
    (0xb9c, 0xb9c, 14),
    (0xb9e, 0xb9f, 14),
    (0xba3, 0xba4, 14),
    (0xba8, 0xbaa, 14),
    (0xbae, 0xbb9, 14),
    (0xbd0, 0xbd0, 14),
    (0xc05, 0xc0c, 15),
    (0xc0e, 0xc10, 15),
    (0xc12, 0xc28, 15),
    (0xc2a, 0xc39, 15),
    (0xc3d, 0xc3d, 15),
    (0xc58, 0xc5a, 15),
    (0xc5d, 0xc5d, 15),
    (0xc60, 0xc61, 15),
    (0xc80, 0xc80, 16),
    (0xc85, 0xc8c, 16),
    (0xc8e, 0xc90, 16),
    (0xc92, 0xca8, 16),
    (0xcaa, 0xcb3, 16),
    (0xcb5, 0xcb9, 16),
    (0xcbd, 0xcbd, 16),
    (0xcdd, 0xcde, 16),
    (0xce0, 0xce1, 16),
    (0xcf1, 0xcf2, 16),
    (0xd04, 0xd0c, 17),
    (0xd0e, 0xd10, 17),
    (0xd12, 0xd3a, 17),
    (0xd3d, 0xd3d, 17),
    (0xd4e, 0xd4e, 17),
    (0xd54, 0xd56, 17),
    (0xd5f, 0xd61, 17),
    (0xd7a, 0xd7f, 17),
    (0xd85, 0xd96, 18),
    (0xd9a, 0xdb1, 18),
    (0xdb3, 0xdbb, 18),
    (0xdbd, 0xdbd, 18),
    (0xdc0, 0xdc6, 18),
    (0xe01, 0xe30, 19),
    (0xe32, 0xe33, 19),
    (0xe40, 0xe46, 19),
    (0xe81, 0xe82, 20),
    (0xe84, 0xe84, 20),
    (0xe86, 0xe8a, 20),
    (0xe8c, 0xea3, 20),
    (0xea5, 0xea5, 20),
    (0xea7, 0xeb0, 20),
    (0xeb2, 0xeb3, 20),
    (0xebd, 0xebd, 20),
    (0xec0, 0xec4, 20),
    (0xec6, 0xec6, 20),
    (0xedc, 0xedf, 20),
    (0xf00, 0xf00, 21),
    (0xf40, 0xf47, 21),
    (0xf49, 0xf6c, 21),
    (0xf88, 0xf8c, 21),
    (0x1000, 0x102a, 22),
    (0x103f, 0x103f, 22),
    (0x1050, 0x1055, 22),
    (0x105a, 0x105d, 22),
    (0x1061, 0x1061, 22),
    (0x1065, 0x1066, 22),
    (0x106e, 0x1070, 22),
    (0x1075, 0x1081, 22),
    (0x108e, 0x108e, 22),
    (0x10a0, 0x10c5, 23),
    (0x10c7, 0x10c7, 23),
    (0x10cd, 0x10cd, 23),
    (0x10d0, 0x10fa, 23),
    (0x10fc, 0x10ff, 23),
    (0x1100, 0x11ff, 24),
    (0x1200, 0x1248, 25),
    (0x124a, 0x124d, 25),
    (0x1250, 0x1256, 25),
    (0x1258, 0x1258, 25),
    (0x125a, 0x125d, 25),
    (0x1260, 0x1288, 25),
    (0x128a, 0x128d, 25),
    (0x1290, 0x12b0, 25),
    (0x12b2, 0x12b5, 25),
    (0x12b8, 0x12be, 25),
    (0x12c0, 0x12c0, 25),
    (0x12c2, 0x12c5, 25),
    (0x12c8, 0x12d6, 25),
    (0x12d8, 0x1310, 25),
    (0x1312, 0x1315, 25),
    (0x1318, 0x135a, 25),
    (0x1380, 0x138f, 25),
    (0x13a0, 0x13f5, 26),
    (0x13f8, 0x13fd, 26),
    (0x1780, 0x17b3, 27),
    (0x17d7, 0x17d7, 27),
    (0x17dc, 0x17dc, 27),
    (0x1820, 0x1878, 28),
    (0x1880, 0x1884, 28),
    (0x1887, 0x18a8, 28),
    (0x18aa, 0x18aa, 28),
    (0x1c80, 0x1c8a, 3),
    (0x1c90, 0x1cba, 23),
    (0x1cbd, 0x1cbf, 23),
    (0x1d00, 0x1d25, 1),
    (0x1d26, 0x1d2a, 2),
    (0x1d2b, 0x1d2b, 3),
    (0x1d5e, 0x1d5e, 2),
    (0x1d60, 0x1d60, 2),
    (0x1d62, 0x1d65, 1),
    (0x1d66, 0x1d6a, 2),
    (0x1d6b, 0x1d77, 1),
    (0x1d78, 0x1d78, 3),
    (0x1d79, 0x1d9a, 1),
    (0x1e00, 0x1eff, 1),
    (0x1f00, 0x1f15, 2),
    (0x1f18, 0x1f1d, 2),
    (0x1f20, 0x1f45, 2),
    (0x1f48, 0x1f4d, 2),
    (0x1f50, 0x1f57, 2),
    (0x1f59, 0x1f59, 2),
    (0x1f5b, 0x1f5b, 2),
    (0x1f5d, 0x1f5d, 2),
    (0x1f5f, 0x1f7d, 2),
    (0x1f80, 0x1fb4, 2),
    (0x1fb6, 0x1fbc, 2),
    (0x1fbe, 0x1fbe, 2),
    (0x1fc2, 0x1fc4, 2),
    (0x1fc6, 0x1fcc, 2),
    (0x1fd0, 0x1fd3, 2),
    (0x1fd6, 0x1fdb, 2),
    (0x1fe0, 0x1fec, 2),
    (0x1ff2, 0x1ff4, 2),
    (0x1ff6, 0x1ffc, 2),
    (0x2071, 0x2071, 1),
    (0x207f, 0x207f, 1),
    (0x2090, 0x209c, 1),
    (0x2184, 0x2184, 1),
    (0x2c2e, 0x2c2e, 1),
    (0x2c5e, 0x2c5e, 1),
    (0x2c60, 0x2c7c, 1),
    (0x2c7e, 0x2c7f, 1),
    (0x2d00, 0x2d25, 23),
    (0x2d27, 0x2d27, 23),
    (0x2d2d, 0x2d2d, 23),
    (0x2d80, 0x2d96, 25),
    (0x2da0, 0x2da6, 25),
    (0x2da8, 0x2dae, 25),
    (0x2db0, 0x2db6, 25),
    (0x2db8, 0x2dbe, 25),
    (0x2dc0, 0x2dc6, 25),
    (0x2dc8, 0x2dce, 25),
    (0x2dd0, 0x2dd6, 25),
    (0x2dd8, 0x2dde, 25),
    (0x3005, 0x3006, 31),
    (0x303b, 0x303b, 31),
    (0x3041, 0x3096, 29),
    (0x309d, 0x309f, 29),
    (0x30a1, 0x30fa, 30),
    (0x30fc, 0x30fc, 29),
    (0x30fd, 0x30ff, 30),
    (0x3131, 0x318e, 24),
    (0x31f0, 0x31ff, 30),
    (0x3400, 0x4dbf, 31),
    (0x4e00, 0x9fff, 31),
    (0xa640, 0xa66e, 3),
    (0xa67f, 0xa69d, 3),
    (0xa722, 0xa76f, 1),
    (0xa771, 0xa787, 1),
    (0xa78b, 0xa7cd, 1),
    (0xa7d0, 0xa7d1, 1),
    (0xa7d3, 0xa7d3, 1),
    (0xa7d5, 0xa7dc, 1),
    (0xa7f5, 0xa7f7, 1),
    (0xa7fa, 0xa7ff, 1),
    (0xa8f2, 0xa8f7, 9),
    (0xa8fb, 0xa8fb, 9),
    (0xa8fd, 0xa8fe, 9),
    (0xa960, 0xa97c, 24),
    (0xa9e0, 0xa9e4, 22),
    (0xa9e6, 0xa9ef, 22),
    (0xa9fa, 0xa9fe, 22),
    (0xaa60, 0xaa76, 22),
    (0xaa7a, 0xaa7a, 22),
    (0xaa7e, 0xaa7f, 22),
    (0xab01, 0xab06, 25),
    (0xab09, 0xab0e, 25),
    (0xab11, 0xab16, 25),
    (0xab20, 0xab26, 25),
    (0xab28, 0xab2e, 25),
    (0xab30, 0xab5a, 1),
    (0xab60, 0xab64, 1),
    (0xab65, 0xab65, 2),
    (0xab66, 0xab68, 1),
    (0xab70, 0xabbf, 26),
    (0xac00, 0xd7a3, 24),
    (0xd7b0, 0xd7c6, 24),
    (0xd7cb, 0xd7fb, 24),
    (0xf900, 0xfa6d, 31),
    (0xfa70, 0xfad9, 31),
    (0xfb00, 0xfb06, 1),
    (0xfb13, 0xfb17, 4),
    (0xfb1d, 0xfb1d, 5),
    (0xfb1f, 0xfb28, 5),
    (0xfb2a, 0xfb36, 5),
    (0xfb38, 0xfb3c, 5),
    (0xfb3e, 0xfb3e, 5),
    (0xfb40, 0xfb41, 5),
    (0xfb43, 0xfb44, 5),
    (0xfb46, 0xfb4f, 5),
    (0xfb50, 0xfbb1, 6),
    (0xfbd3, 0xfd3d, 6),
    (0xfd50, 0xfd8f, 6),
    (0xfd92, 0xfdc7, 6),
    (0xfdf0, 0xfdfb, 6),
    (0xfe70, 0xfe74, 6),
    (0xfe76, 0xfefc, 6),
    (0xff21, 0xff3a, 1),
    (0xff41, 0xff5a, 1),
    (0xff66, 0xff6f, 30),
    (0xff70, 0xff70, 29),
    (0xff71, 0xff9f, 30),
    (0xffa0, 0xffbe, 24),
    (0xffc2, 0xffc7, 24),
    (0xffca, 0xffcf, 24),
    (0xffd2, 0xffd7, 24),
    (0xffda, 0xffdc, 24),
    (0x10ec2, 0x10ec4, 6),
    (0x11035, 0x11037, 14),
    (0x11071, 0x11072, 14),
    (0x11075, 0x11075, 14),
    (0x1aff0, 0x1aff3, 30),
    (0x1aff5, 0x1affb, 30),
    (0x1affd, 0x1affe, 30),
    (0x1b000, 0x1b000, 30),
    (0x1b001, 0x1b001, 29),
    (0x1b11f, 0x1b11f, 29),
    (0x1b120, 0x1b122, 30),
    (0x1b132, 0x1b132, 29),
    (0x1b150, 0x1b152, 29),
    (0x1b155, 0x1b155, 30),
    (0x1b164, 0x1b167, 30),
    (0x1df00, 0x1df1e, 1),
    (0x1df25, 0x1df2a, 1),
    (0x1e030, 0x1e06d, 3),
    (0x1e7e0, 0x1e7e6, 25),
    (0x1e7e8, 0x1e7eb, 25),
    (0x1e7ed, 0x1e7ee, 25),
    (0x1e7f0, 0x1e7fe, 25),
    (0x1ee00, 0x1ee03, 6),
    (0x1ee05, 0x1ee1f, 6),
    (0x1ee21, 0x1ee22, 6),
    (0x1ee24, 0x1ee24, 6),
    (0x1ee27, 0x1ee27, 6),
    (0x1ee29, 0x1ee32, 6),
    (0x1ee34, 0x1ee37, 6),
    (0x1ee39, 0x1ee39, 6),
    (0x1ee3b, 0x1ee3b, 6),
    (0x1ee42, 0x1ee42, 6),
    (0x1ee47, 0x1ee47, 6),
    (0x1ee49, 0x1ee49, 6),
    (0x1ee4b, 0x1ee4b, 6),
    (0x1ee4d, 0x1ee4f, 6),
    (0x1ee51, 0x1ee52, 6),
    (0x1ee54, 0x1ee54, 6),
    (0x1ee57, 0x1ee57, 6),
    (0x1ee59, 0x1ee59, 6),
    (0x1ee5b, 0x1ee5b, 6),
    (0x1ee5d, 0x1ee5d, 6),
    (0x1ee5f, 0x1ee5f, 6),
    (0x1ee61, 0x1ee62, 6),
    (0x1ee64, 0x1ee64, 6),
    (0x1ee67, 0x1ee6a, 6),
    (0x1ee6c, 0x1ee72, 6),
    (0x1ee74, 0x1ee77, 6),
    (0x1ee79, 0x1ee7c, 6),
    (0x1ee7e, 0x1ee7e, 6),
    (0x1ee80, 0x1ee89, 6),
    (0x1ee8b, 0x1ee9b, 6),
    (0x1eea1, 0x1eea3, 6),
    (0x1eea5, 0x1eea9, 6),
    (0x1eeab, 0x1eebb, 6),
    (0x20000, 0x2a6df, 31),
    (0x2a700, 0x2b739, 31),
    (0x2b740, 0x2b81d, 31),
    (0x2b820, 0x2cea1, 31),
    (0x2ceb0, 0x2ebe0, 31),
    (0x2ebf0, 0x2ee5d, 31),
    (0x2f800, 0x2fa1d, 31),
    (0x30000, 0x3134a, 31),
    (0x31350, 0x323af, 31),
];

const CASEFOLD: &[(u32, &str)] = &[
    (0x41, "\u{61}"),
    (0x42, "\u{62}"),
    (0x43, "\u{63}"),
    (0x44, "\u{64}"),
    (0x45, "\u{65}"),
    (0x46, "\u{66}"),
    (0x47, "\u{67}"),
    (0x48, "\u{68}"),
    (0x49, "\u{69}"),
    (0x4a, "\u{6a}"),
    (0x4b, "\u{6b}"),
    (0x4c, "\u{6c}"),
    (0x4d, "\u{6d}"),
    (0x4e, "\u{6e}"),
    (0x4f, "\u{6f}"),
    (0x50, "\u{70}"),
    (0x51, "\u{71}"),
    (0x52, "\u{72}"),
    (0x53, "\u{73}"),
    (0x54, "\u{74}"),
    (0x55, "\u{75}"),
    (0x56, "\u{76}"),
    (0x57, "\u{77}"),
    (0x58, "\u{78}"),
    (0x59, "\u{79}"),
    (0x5a, "\u{7a}"),
    (0xb5, "\u{3bc}"),
    (0xc0, "\u{e0}"),
    (0xc1, "\u{e1}"),
    (0xc2, "\u{e2}"),
    (0xc3, "\u{e3}"),
    (0xc4, "\u{e4}"),
    (0xc5, "\u{e5}"),
    (0xc6, "\u{e6}"),
    (0xc7, "\u{e7}"),
    (0xc8, "\u{e8}"),
    (0xc9, "\u{e9}"),
    (0xca, "\u{ea}"),
    (0xcb, "\u{eb}"),
    (0xcc, "\u{ec}"),
    (0xcd, "\u{ed}"),
    (0xce, "\u{ee}"),
    (0xcf, "\u{ef}"),
    (0xd0, "\u{f0}"),
    (0xd1, "\u{f1}"),
    (0xd2, "\u{f2}"),
    (0xd3, "\u{f3}"),
    (0xd4, "\u{f4}"),
    (0xd5, "\u{f5}"),
    (0xd6, "\u{f6}"),
    (0xd8, "\u{f8}"),
    (0xd9, "\u{f9}"),
    (0xda, "\u{fa}"),
    (0xdb, "\u{fb}"),
    (0xdc, "\u{fc}"),
    (0xdd, "\u{fd}"),
    (0xde, "\u{fe}"),
    (0xdf, "\u{73}\u{73}"),
    (0x100, "\u{101}"),
    (0x102, "\u{103}"),
    (0x104, "\u{105}"),
    (0x106, "\u{107}"),
    (0x108, "\u{109}"),
    (0x10a, "\u{10b}"),
    (0x10c, "\u{10d}"),
    (0x10e, "\u{10f}"),
    (0x110, "\u{111}"),
    (0x112, "\u{113}"),
    (0x114, "\u{115}"),
    (0x116, "\u{117}"),
    (0x118, "\u{119}"),
    (0x11a, "\u{11b}"),
    (0x11c, "\u{11d}"),
    (0x11e, "\u{11f}"),
    (0x120, "\u{121}"),
    (0x122, "\u{123}"),
    (0x124, "\u{125}"),
    (0x126, "\u{127}"),
    (0x128, "\u{129}"),
    (0x12a, "\u{12b}"),
    (0x12c, "\u{12d}"),
    (0x12e, "\u{12f}"),
    (0x130, "\u{69}\u{307}"),
    (0x132, "\u{133}"),
    (0x134, "\u{135}"),
    (0x136, "\u{137}"),
    (0x139, "\u{13a}"),
    (0x13b, "\u{13c}"),
    (0x13d, "\u{13e}"),
    (0x13f, "\u{140}"),
    (0x141, "\u{142}"),
    (0x143, "\u{144}"),
    (0x145, "\u{146}"),
    (0x147, "\u{148}"),
    (0x149, "\u{2bc}\u{6e}"),
    (0x14a, "\u{14b}"),
    (0x14c, "\u{14d}"),
    (0x14e, "\u{14f}"),
    (0x150, "\u{151}"),
    (0x152, "\u{153}"),
    (0x154, "\u{155}"),
    (0x156, "\u{157}"),
    (0x158, "\u{159}"),
    (0x15a, "\u{15b}"),
    (0x15c, "\u{15d}"),
    (0x15e, "\u{15f}"),
    (0x160, "\u{161}"),
    (0x162, "\u{163}"),
    (0x164, "\u{165}"),
    (0x166, "\u{167}"),
    (0x168, "\u{169}"),
    (0x16a, "\u{16b}"),
    (0x16c, "\u{16d}"),
    (0x16e, "\u{16f}"),
    (0x170, "\u{171}"),
    (0x172, "\u{173}"),
    (0x174, "\u{175}"),
    (0x176, "\u{177}"),
    (0x178, "\u{ff}"),
    (0x179, "\u{17a}"),
    (0x17b, "\u{17c}"),
    (0x17d, "\u{17e}"),
    (0x17f, "\u{73}"),
    (0x181, "\u{253}"),
    (0x182, "\u{183}"),
    (0x184, "\u{185}"),
    (0x186, "\u{254}"),
    (0x187, "\u{188}"),
    (0x189, "\u{256}"),
    (0x18a, "\u{257}"),
    (0x18b, "\u{18c}"),
    (0x18e, "\u{1dd}"),
    (0x18f, "\u{259}"),
    (0x190, "\u{25b}"),
    (0x191, "\u{192}"),
    (0x193, "\u{260}"),
    (0x194, "\u{263}"),
    (0x196, "\u{269}"),
    (0x197, "\u{268}"),
    (0x198, "\u{199}"),
    (0x19c, "\u{26f}"),
    (0x19d, "\u{272}"),
    (0x19f, "\u{275}"),
    (0x1a0, "\u{1a1}"),
    (0x1a2, "\u{1a3}"),
    (0x1a4, "\u{1a5}"),
    (0x1a6, "\u{280}"),
    (0x1a7, "\u{1a8}"),
    (0x1a9, "\u{283}"),
    (0x1ac, "\u{1ad}"),
    (0x1ae, "\u{288}"),
    (0x1af, "\u{1b0}"),
    (0x1b1, "\u{28a}"),
    (0x1b2, "\u{28b}"),
    (0x1b3, "\u{1b4}"),
    (0x1b5, "\u{1b6}"),
    (0x1b7, "\u{292}"),
    (0x1b8, "\u{1b9}"),
    (0x1bc, "\u{1bd}"),
    (0x1c4, "\u{1c6}"),
    (0x1c5, "\u{1c6}"),
    (0x1c7, "\u{1c9}"),
    (0x1c8, "\u{1c9}"),
    (0x1ca, "\u{1cc}"),
    (0x1cb, "\u{1cc}"),
    (0x1cd, "\u{1ce}"),
    (0x1cf, "\u{1d0}"),
    (0x1d1, "\u{1d2}"),
    (0x1d3, "\u{1d4}"),
    (0x1d5, "\u{1d6}"),
    (0x1d7, "\u{1d8}"),
    (0x1d9, "\u{1da}"),
    (0x1db, "\u{1dc}"),
    (0x1de, "\u{1df}"),
    (0x1e0, "\u{1e1}"),
    (0x1e2, "\u{1e3}"),
    (0x1e4, "\u{1e5}"),
    (0x1e6, "\u{1e7}"),
    (0x1e8, "\u{1e9}"),
    (0x1ea, "\u{1eb}"),
    (0x1ec, "\u{1ed}"),
    (0x1ee, "\u{1ef}"),
    (0x1f0, "\u{6a}\u{30c}"),
    (0x1f1, "\u{1f3}"),
    (0x1f2, "\u{1f3}"),
    (0x1f4, "\u{1f5}"),
    (0x1f6, "\u{195}"),
    (0x1f7, "\u{1bf}"),
    (0x1f8, "\u{1f9}"),
    (0x1fa, "\u{1fb}"),
    (0x1fc, "\u{1fd}"),
    (0x1fe, "\u{1ff}"),
    (0x200, "\u{201}"),
    (0x202, "\u{203}"),
    (0x204, "\u{205}"),
    (0x206, "\u{207}"),
    (0x208, "\u{209}"),
    (0x20a, "\u{20b}"),
    (0x20c, "\u{20d}"),
    (0x20e, "\u{20f}"),
    (0x210, "\u{211}"),
    (0x212, "\u{213}"),
    (0x214, "\u{215}"),
    (0x216, "\u{217}"),
    (0x218, "\u{219}"),
    (0x21a, "\u{21b}"),
    (0x21c, "\u{21d}"),
    (0x21e, "\u{21f}"),
    (0x220, "\u{19e}"),
    (0x222, "\u{223}"),
    (0x224, "\u{225}"),
    (0x226, "\u{227}"),
    (0x228, "\u{229}"),
    (0x22a, "\u{22b}"),
    (0x22c, "\u{22d}"),
    (0x22e, "\u{22f}"),
    (0x230, "\u{231}"),
    (0x232, "\u{233}"),
    (0x23a, "\u{2c65}"),
    (0x23b, "\u{23c}"),
    (0x23d, "\u{19a}"),
    (0x23e, "\u{2c66}"),
    (0x241, "\u{242}"),
    (0x243, "\u{180}"),
    (0x244, "\u{289}"),
    (0x245, "\u{28c}"),
    (0x246, "\u{247}"),
    (0x248, "\u{249}"),
    (0x24a, "\u{24b}"),
    (0x24c, "\u{24d}"),
    (0x24e, "\u{24f}"),
    (0x345, "\u{3b9}"),
    (0x370, "\u{371}"),
    (0x372, "\u{373}"),
    (0x376, "\u{377}"),
    (0x37f, "\u{3f3}"),
    (0x386, "\u{3ac}"),
    (0x388, "\u{3ad}"),
    (0x389, "\u{3ae}"),
    (0x38a, "\u{3af}"),
    (0x38c, "\u{3cc}"),
    (0x38e, "\u{3cd}"),
    (0x38f, "\u{3ce}"),
    (0x390, "\u{3b9}\u{308}\u{301}"),
    (0x391, "\u{3b1}"),
    (0x392, "\u{3b2}"),
    (0x393, "\u{3b3}"),
    (0x394, "\u{3b4}"),
    (0x395, "\u{3b5}"),
    (0x396, "\u{3b6}"),
    (0x397, "\u{3b7}"),
    (0x398, "\u{3b8}"),
    (0x399, "\u{3b9}"),
    (0x39a, "\u{3ba}"),
    (0x39b, "\u{3bb}"),
    (0x39c, "\u{3bc}"),
    (0x39d, "\u{3bd}"),
    (0x39e, "\u{3be}"),
    (0x39f, "\u{3bf}"),
    (0x3a0, "\u{3c0}"),
    (0x3a1, "\u{3c1}"),
    (0x3a3, "\u{3c3}"),
    (0x3a4, "\u{3c4}"),
    (0x3a5, "\u{3c5}"),
    (0x3a6, "\u{3c6}"),
    (0x3a7, "\u{3c7}"),
    (0x3a8, "\u{3c8}"),
    (0x3a9, "\u{3c9}"),
    (0x3aa, "\u{3ca}"),
    (0x3ab, "\u{3cb}"),
    (0x3b0, "\u{3c5}\u{308}\u{301}"),
    (0x3c2, "\u{3c3}"),
    (0x3cf, "\u{3d7}"),
    (0x3d0, "\u{3b2}"),
    (0x3d1, "\u{3b8}"),
    (0x3d5, "\u{3c6}"),
    (0x3d6, "\u{3c0}"),
    (0x3d8, "\u{3d9}"),
    (0x3da, "\u{3db}"),
    (0x3dc, "\u{3dd}"),
    (0x3de, "\u{3df}"),
    (0x3e0, "\u{3e1}"),
    (0x3e2, "\u{3e3}"),
    (0x3e4, "\u{3e5}"),
    (0x3e6, "\u{3e7}"),
    (0x3e8, "\u{3e9}"),
    (0x3ea, "\u{3eb}"),
    (0x3ec, "\u{3ed}"),
    (0x3ee, "\u{3ef}"),
    (0x3f0, "\u{3ba}"),
    (0x3f1, "\u{3c1}"),
    (0x3f4, "\u{3b8}"),
    (0x3f5, "\u{3b5}"),
    (0x3f7, "\u{3f8}"),
    (0x3f9, "\u{3f2}"),
    (0x3fa, "\u{3fb}"),
    (0x3fd, "\u{37b}"),
    (0x3fe, "\u{37c}"),
    (0x3ff, "\u{37d}"),
    (0x400, "\u{450}"),
    (0x401, "\u{451}"),
    (0x402, "\u{452}"),
    (0x403, "\u{453}"),
    (0x404, "\u{454}"),
    (0x405, "\u{455}"),
    (0x406, "\u{456}"),
    (0x407, "\u{457}"),
    (0x408, "\u{458}"),
    (0x409, "\u{459}"),
    (0x40a, "\u{45a}"),
    (0x40b, "\u{45b}"),
    (0x40c, "\u{45c}"),
    (0x40d, "\u{45d}"),
    (0x40e, "\u{45e}"),
    (0x40f, "\u{45f}"),
    (0x410, "\u{430}"),
    (0x411, "\u{431}"),
    (0x412, "\u{432}"),
    (0x413, "\u{433}"),
    (0x414, "\u{434}"),
    (0x415, "\u{435}"),
    (0x416, "\u{436}"),
    (0x417, "\u{437}"),
    (0x418, "\u{438}"),
    (0x419, "\u{439}"),
    (0x41a, "\u{43a}"),
    (0x41b, "\u{43b}"),
    (0x41c, "\u{43c}"),
    (0x41d, "\u{43d}"),
    (0x41e, "\u{43e}"),
    (0x41f, "\u{43f}"),
    (0x420, "\u{440}"),
    (0x421, "\u{441}"),
    (0x422, "\u{442}"),
    (0x423, "\u{443}"),
    (0x424, "\u{444}"),
    (0x425, "\u{445}"),
    (0x426, "\u{446}"),
    (0x427, "\u{447}"),
    (0x428, "\u{448}"),
    (0x429, "\u{449}"),
    (0x42a, "\u{44a}"),
    (0x42b, "\u{44b}"),
    (0x42c, "\u{44c}"),
    (0x42d, "\u{44d}"),
    (0x42e, "\u{44e}"),
    (0x42f, "\u{44f}"),
    (0x460, "\u{461}"),
    (0x462, "\u{463}"),
    (0x464, "\u{465}"),
    (0x466, "\u{467}"),
    (0x468, "\u{469}"),
    (0x46a, "\u{46b}"),
    (0x46c, "\u{46d}"),
    (0x46e, "\u{46f}"),
    (0x470, "\u{471}"),
    (0x472, "\u{473}"),
    (0x474, "\u{475}"),
    (0x476, "\u{477}"),
    (0x478, "\u{479}"),
    (0x47a, "\u{47b}"),
    (0x47c, "\u{47d}"),
    (0x47e, "\u{47f}"),
    (0x480, "\u{481}"),
    (0x48a, "\u{48b}"),
    (0x48c, "\u{48d}"),
    (0x48e, "\u{48f}"),
    (0x490, "\u{491}"),
    (0x492, "\u{493}"),
    (0x494, "\u{495}"),
    (0x496, "\u{497}"),
    (0x498, "\u{499}"),
    (0x49a, "\u{49b}"),
    (0x49c, "\u{49d}"),
    (0x49e, "\u{49f}"),
    (0x4a0, "\u{4a1}"),
    (0x4a2, "\u{4a3}"),
    (0x4a4, "\u{4a5}"),
    (0x4a6, "\u{4a7}"),
    (0x4a8, "\u{4a9}"),
    (0x4aa, "\u{4ab}"),
    (0x4ac, "\u{4ad}"),
    (0x4ae, "\u{4af}"),
    (0x4b0, "\u{4b1}"),
    (0x4b2, "\u{4b3}"),
    (0x4b4, "\u{4b5}"),
    (0x4b6, "\u{4b7}"),
    (0x4b8, "\u{4b9}"),
    (0x4ba, "\u{4bb}"),
    (0x4bc, "\u{4bd}"),
    (0x4be, "\u{4bf}"),
    (0x4c0, "\u{4cf}"),
    (0x4c1, "\u{4c2}"),
    (0x4c3, "\u{4c4}"),
    (0x4c5, "\u{4c6}"),
    (0x4c7, "\u{4c8}"),
    (0x4c9, "\u{4ca}"),
    (0x4cb, "\u{4cc}"),
    (0x4cd, "\u{4ce}"),
    (0x4d0, "\u{4d1}"),
    (0x4d2, "\u{4d3}"),
    (0x4d4, "\u{4d5}"),
    (0x4d6, "\u{4d7}"),
    (0x4d8, "\u{4d9}"),
    (0x4da, "\u{4db}"),
    (0x4dc, "\u{4dd}"),
    (0x4de, "\u{4df}"),
    (0x4e0, "\u{4e1}"),
    (0x4e2, "\u{4e3}"),
    (0x4e4, "\u{4e5}"),
    (0x4e6, "\u{4e7}"),
    (0x4e8, "\u{4e9}"),
    (0x4ea, "\u{4eb}"),
    (0x4ec, "\u{4ed}"),
    (0x4ee, "\u{4ef}"),
    (0x4f0, "\u{4f1}"),
    (0x4f2, "\u{4f3}"),
    (0x4f4, "\u{4f5}"),
    (0x4f6, "\u{4f7}"),
    (0x4f8, "\u{4f9}"),
    (0x4fa, "\u{4fb}"),
    (0x4fc, "\u{4fd}"),
    (0x4fe, "\u{4ff}"),
    (0x500, "\u{501}"),
    (0x502, "\u{503}"),
    (0x504, "\u{505}"),
    (0x506, "\u{507}"),
    (0x508, "\u{509}"),
    (0x50a, "\u{50b}"),
    (0x50c, "\u{50d}"),
    (0x50e, "\u{50f}"),
    (0x510, "\u{511}"),
    (0x512, "\u{513}"),
    (0x514, "\u{515}"),
    (0x516, "\u{517}"),
    (0x518, "\u{519}"),
    (0x51a, "\u{51b}"),
    (0x51c, "\u{51d}"),
    (0x51e, "\u{51f}"),
    (0x520, "\u{521}"),
    (0x522, "\u{523}"),
    (0x524, "\u{525}"),
    (0x526, "\u{527}"),
    (0x528, "\u{529}"),
    (0x52a, "\u{52b}"),
    (0x52c, "\u{52d}"),
    (0x52e, "\u{52f}"),
    (0x531, "\u{561}"),
    (0x532, "\u{562}"),
    (0x533, "\u{563}"),
    (0x534, "\u{564}"),
    (0x535, "\u{565}"),
    (0x536, "\u{566}"),
    (0x537, "\u{567}"),
    (0x538, "\u{568}"),
    (0x539, "\u{569}"),
    (0x53a, "\u{56a}"),
    (0x53b, "\u{56b}"),
    (0x53c, "\u{56c}"),
    (0x53d, "\u{56d}"),
    (0x53e, "\u{56e}"),
    (0x53f, "\u{56f}"),
    (0x540, "\u{570}"),
    (0x541, "\u{571}"),
    (0x542, "\u{572}"),
    (0x543, "\u{573}"),
    (0x544, "\u{574}"),
    (0x545, "\u{575}"),
    (0x546, "\u{576}"),
    (0x547, "\u{577}"),
    (0x548, "\u{578}"),
    (0x549, "\u{579}"),
    (0x54a, "\u{57a}"),
    (0x54b, "\u{57b}"),
    (0x54c, "\u{57c}"),
    (0x54d, "\u{57d}"),
    (0x54e, "\u{57e}"),
    (0x54f, "\u{57f}"),
    (0x550, "\u{580}"),
    (0x551, "\u{581}"),
    (0x552, "\u{582}"),
    (0x553, "\u{583}"),
    (0x554, "\u{584}"),
    (0x555, "\u{585}"),
    (0x556, "\u{586}"),
    (0x587, "\u{565}\u{582}"),
    (0x10a0, "\u{2d00}"),
    (0x10a1, "\u{2d01}"),
    (0x10a2, "\u{2d02}"),
    (0x10a3, "\u{2d03}"),
    (0x10a4, "\u{2d04}"),
    (0x10a5, "\u{2d05}"),
    (0x10a6, "\u{2d06}"),
    (0x10a7, "\u{2d07}"),
    (0x10a8, "\u{2d08}"),
    (0x10a9, "\u{2d09}"),
    (0x10aa, "\u{2d0a}"),
    (0x10ab, "\u{2d0b}"),
    (0x10ac, "\u{2d0c}"),
    (0x10ad, "\u{2d0d}"),
    (0x10ae, "\u{2d0e}"),
    (0x10af, "\u{2d0f}"),
    (0x10b0, "\u{2d10}"),
    (0x10b1, "\u{2d11}"),
    (0x10b2, "\u{2d12}"),
    (0x10b3, "\u{2d13}"),
    (0x10b4, "\u{2d14}"),
    (0x10b5, "\u{2d15}"),
    (0x10b6, "\u{2d16}"),
    (0x10b7, "\u{2d17}"),
    (0x10b8, "\u{2d18}"),
    (0x10b9, "\u{2d19}"),
    (0x10ba, "\u{2d1a}"),
    (0x10bb, "\u{2d1b}"),
    (0x10bc, "\u{2d1c}"),
    (0x10bd, "\u{2d1d}"),
    (0x10be, "\u{2d1e}"),
    (0x10bf, "\u{2d1f}"),
    (0x10c0, "\u{2d20}"),
    (0x10c1, "\u{2d21}"),
    (0x10c2, "\u{2d22}"),
    (0x10c3, "\u{2d23}"),
    (0x10c4, "\u{2d24}"),
    (0x10c5, "\u{2d25}"),
    (0x10c7, "\u{2d27}"),
    (0x10cd, "\u{2d2d}"),
    (0x13f8, "\u{13f0}"),
    (0x13f9, "\u{13f1}"),
    (0x13fa, "\u{13f2}"),
    (0x13fb, "\u{13f3}"),
    (0x13fc, "\u{13f4}"),
    (0x13fd, "\u{13f5}"),
    (0x1c80, "\u{432}"),
    (0x1c81, "\u{434}"),
    (0x1c82, "\u{43e}"),
    (0x1c83, "\u{441}"),
    (0x1c84, "\u{442}"),
    (0x1c85, "\u{442}"),
    (0x1c86, "\u{44a}"),
    (0x1c87, "\u{463}"),
    (0x1c88, "\u{a64b}"),
    (0x1c89, "\u{1c8a}"),
    (0x1c90, "\u{10d0}"),
    (0x1c91, "\u{10d1}"),
    (0x1c92, "\u{10d2}"),
    (0x1c93, "\u{10d3}"),
    (0x1c94, "\u{10d4}"),
    (0x1c95, "\u{10d5}"),
    (0x1c96, "\u{10d6}"),
    (0x1c97, "\u{10d7}"),
    (0x1c98, "\u{10d8}"),
    (0x1c99, "\u{10d9}"),
    (0x1c9a, "\u{10da}"),
    (0x1c9b, "\u{10db}"),
    (0x1c9c, "\u{10dc}"),
    (0x1c9d, "\u{10dd}"),
    (0x1c9e, "\u{10de}"),
    (0x1c9f, "\u{10df}"),
    (0x1ca0, "\u{10e0}"),
    (0x1ca1, "\u{10e1}"),
    (0x1ca2, "\u{10e2}"),
    (0x1ca3, "\u{10e3}"),
    (0x1ca4, "\u{10e4}"),
    (0x1ca5, "\u{10e5}"),
    (0x1ca6, "\u{10e6}"),
    (0x1ca7, "\u{10e7}"),
    (0x1ca8, "\u{10e8}"),
    (0x1ca9, "\u{10e9}"),
    (0x1caa, "\u{10ea}"),
    (0x1cab, "\u{10eb}"),
    (0x1cac, "\u{10ec}"),
    (0x1cad, "\u{10ed}"),
    (0x1cae, "\u{10ee}"),
    (0x1caf, "\u{10ef}"),
    (0x1cb0, "\u{10f0}"),
    (0x1cb1, "\u{10f1}"),
    (0x1cb2, "\u{10f2}"),
    (0x1cb3, "\u{10f3}"),
    (0x1cb4, "\u{10f4}"),
    (0x1cb5, "\u{10f5}"),
    (0x1cb6, "\u{10f6}"),
    (0x1cb7, "\u{10f7}"),
    (0x1cb8, "\u{10f8}"),
    (0x1cb9, "\u{10f9}"),
    (0x1cba, "\u{10fa}"),
    (0x1cbd, "\u{10fd}"),
    (0x1cbe, "\u{10fe}"),
    (0x1cbf, "\u{10ff}"),
    (0x1e00, "\u{1e01}"),
    (0x1e02, "\u{1e03}"),
    (0x1e04, "\u{1e05}"),
    (0x1e06, "\u{1e07}"),
    (0x1e08, "\u{1e09}"),
    (0x1e0a, "\u{1e0b}"),
    (0x1e0c, "\u{1e0d}"),
    (0x1e0e, "\u{1e0f}"),
    (0x1e10, "\u{1e11}"),
    (0x1e12, "\u{1e13}"),
    (0x1e14, "\u{1e15}"),
    (0x1e16, "\u{1e17}"),
    (0x1e18, "\u{1e19}"),
    (0x1e1a, "\u{1e1b}"),
    (0x1e1c, "\u{1e1d}"),
    (0x1e1e, "\u{1e1f}"),
    (0x1e20, "\u{1e21}"),
    (0x1e22, "\u{1e23}"),
    (0x1e24, "\u{1e25}"),
    (0x1e26, "\u{1e27}"),
    (0x1e28, "\u{1e29}"),
    (0x1e2a, "\u{1e2b}"),
    (0x1e2c, "\u{1e2d}"),
    (0x1e2e, "\u{1e2f}"),
    (0x1e30, "\u{1e31}"),
    (0x1e32, "\u{1e33}"),
    (0x1e34, "\u{1e35}"),
    (0x1e36, "\u{1e37}"),
    (0x1e38, "\u{1e39}"),
    (0x1e3a, "\u{1e3b}"),
    (0x1e3c, "\u{1e3d}"),
    (0x1e3e, "\u{1e3f}"),
    (0x1e40, "\u{1e41}"),
    (0x1e42, "\u{1e43}"),
    (0x1e44, "\u{1e45}"),
    (0x1e46, "\u{1e47}"),
    (0x1e48, "\u{1e49}"),
    (0x1e4a, "\u{1e4b}"),
    (0x1e4c, "\u{1e4d}"),
    (0x1e4e, "\u{1e4f}"),
    (0x1e50, "\u{1e51}"),
    (0x1e52, "\u{1e53}"),
    (0x1e54, "\u{1e55}"),
    (0x1e56, "\u{1e57}"),
    (0x1e58, "\u{1e59}"),
    (0x1e5a, "\u{1e5b}"),
    (0x1e5c, "\u{1e5d}"),
    (0x1e5e, "\u{1e5f}"),
    (0x1e60, "\u{1e61}"),
    (0x1e62, "\u{1e63}"),
    (0x1e64, "\u{1e65}"),
    (0x1e66, "\u{1e67}"),
    (0x1e68, "\u{1e69}"),
    (0x1e6a, "\u{1e6b}"),
    (0x1e6c, "\u{1e6d}"),
    (0x1e6e, "\u{1e6f}"),
    (0x1e70, "\u{1e71}"),
    (0x1e72, "\u{1e73}"),
    (0x1e74, "\u{1e75}"),
    (0x1e76, "\u{1e77}"),
    (0x1e78, "\u{1e79}"),
    (0x1e7a, "\u{1e7b}"),
    (0x1e7c, "\u{1e7d}"),
    (0x1e7e, "\u{1e7f}"),
    (0x1e80, "\u{1e81}"),
    (0x1e82, "\u{1e83}"),
    (0x1e84, "\u{1e85}"),
    (0x1e86, "\u{1e87}"),
    (0x1e88, "\u{1e89}"),
    (0x1e8a, "\u{1e8b}"),
    (0x1e8c, "\u{1e8d}"),
    (0x1e8e, "\u{1e8f}"),
    (0x1e90, "\u{1e91}"),
    (0x1e92, "\u{1e93}"),
    (0x1e94, "\u{1e95}"),
    (0x1e96, "\u{68}\u{331}"),
    (0x1e97, "\u{74}\u{308}"),
    (0x1e98, "\u{77}\u{30a}"),
    (0x1e99, "\u{79}\u{30a}"),
    (0x1e9a, "\u{61}\u{2be}"),
    (0x1e9b, "\u{1e61}"),
    (0x1e9e, "\u{73}\u{73}"),
    (0x1ea0, "\u{1ea1}"),
    (0x1ea2, "\u{1ea3}"),
    (0x1ea4, "\u{1ea5}"),
    (0x1ea6, "\u{1ea7}"),
    (0x1ea8, "\u{1ea9}"),
    (0x1eaa, "\u{1eab}"),
    (0x1eac, "\u{1ead}"),
    (0x1eae, "\u{1eaf}"),
    (0x1eb0, "\u{1eb1}"),
    (0x1eb2, "\u{1eb3}"),
    (0x1eb4, "\u{1eb5}"),
    (0x1eb6, "\u{1eb7}"),
    (0x1eb8, "\u{1eb9}"),
    (0x1eba, "\u{1ebb}"),
    (0x1ebc, "\u{1ebd}"),
    (0x1ebe, "\u{1ebf}"),
    (0x1ec0, "\u{1ec1}"),
    (0x1ec2, "\u{1ec3}"),
    (0x1ec4, "\u{1ec5}"),
    (0x1ec6, "\u{1ec7}"),
    (0x1ec8, "\u{1ec9}"),
    (0x1eca, "\u{1ecb}"),
    (0x1ecc, "\u{1ecd}"),
    (0x1ece, "\u{1ecf}"),
    (0x1ed0, "\u{1ed1}"),
    (0x1ed2, "\u{1ed3}"),
    (0x1ed4, "\u{1ed5}"),
    (0x1ed6, "\u{1ed7}"),
    (0x1ed8, "\u{1ed9}"),
    (0x1eda, "\u{1edb}"),
    (0x1edc, "\u{1edd}"),
    (0x1ede, "\u{1edf}"),
    (0x1ee0, "\u{1ee1}"),
    (0x1ee2, "\u{1ee3}"),
    (0x1ee4, "\u{1ee5}"),
    (0x1ee6, "\u{1ee7}"),
    (0x1ee8, "\u{1ee9}"),
    (0x1eea, "\u{1eeb}"),
    (0x1eec, "\u{1eed}"),
    (0x1eee, "\u{1eef}"),
    (0x1ef0, "\u{1ef1}"),
    (0x1ef2, "\u{1ef3}"),
    (0x1ef4, "\u{1ef5}"),
    (0x1ef6, "\u{1ef7}"),
    (0x1ef8, "\u{1ef9}"),
    (0x1efa, "\u{1efb}"),
    (0x1efc, "\u{1efd}"),
    (0x1efe, "\u{1eff}"),
    (0x1f08, "\u{1f00}"),
    (0x1f09, "\u{1f01}"),
    (0x1f0a, "\u{1f02}"),
    (0x1f0b, "\u{1f03}"),
    (0x1f0c, "\u{1f04}"),
    (0x1f0d, "\u{1f05}"),
    (0x1f0e, "\u{1f06}"),
    (0x1f0f, "\u{1f07}"),
    (0x1f18, "\u{1f10}"),
    (0x1f19, "\u{1f11}"),
    (0x1f1a, "\u{1f12}"),
    (0x1f1b, "\u{1f13}"),
    (0x1f1c, "\u{1f14}"),
    (0x1f1d, "\u{1f15}"),
    (0x1f28, "\u{1f20}"),
    (0x1f29, "\u{1f21}"),
    (0x1f2a, "\u{1f22}"),
    (0x1f2b, "\u{1f23}"),
    (0x1f2c, "\u{1f24}"),
    (0x1f2d, "\u{1f25}"),
    (0x1f2e, "\u{1f26}"),
    (0x1f2f, "\u{1f27}"),
    (0x1f38, "\u{1f30}"),
    (0x1f39, "\u{1f31}"),
    (0x1f3a, "\u{1f32}"),
    (0x1f3b, "\u{1f33}"),
    (0x1f3c, "\u{1f34}"),
    (0x1f3d, "\u{1f35}"),
    (0x1f3e, "\u{1f36}"),
    (0x1f3f, "\u{1f37}"),
    (0x1f48, "\u{1f40}"),
    (0x1f49, "\u{1f41}"),
    (0x1f4a, "\u{1f42}"),
    (0x1f4b, "\u{1f43}"),
    (0x1f4c, "\u{1f44}"),
    (0x1f4d, "\u{1f45}"),
    (0x1f50, "\u{3c5}\u{313}"),
    (0x1f52, "\u{3c5}\u{313}\u{300}"),
    (0x1f54, "\u{3c5}\u{313}\u{301}"),
    (0x1f56, "\u{3c5}\u{313}\u{342}"),
    (0x1f59, "\u{1f51}"),
    (0x1f5b, "\u{1f53}"),
    (0x1f5d, "\u{1f55}"),
    (0x1f5f, "\u{1f57}"),
    (0x1f68, "\u{1f60}"),
    (0x1f69, "\u{1f61}"),
    (0x1f6a, "\u{1f62}"),
    (0x1f6b, "\u{1f63}"),
    (0x1f6c, "\u{1f64}"),
    (0x1f6d, "\u{1f65}"),
    (0x1f6e, "\u{1f66}"),
    (0x1f6f, "\u{1f67}"),
    (0x1f80, "\u{1f00}\u{3b9}"),
    (0x1f81, "\u{1f01}\u{3b9}"),
    (0x1f82, "\u{1f02}\u{3b9}"),
    (0x1f83, "\u{1f03}\u{3b9}"),
    (0x1f84, "\u{1f04}\u{3b9}"),
    (0x1f85, "\u{1f05}\u{3b9}"),
    (0x1f86, "\u{1f06}\u{3b9}"),
    (0x1f87, "\u{1f07}\u{3b9}"),
    (0x1f88, "\u{1f00}\u{3b9}"),
    (0x1f89, "\u{1f01}\u{3b9}"),
    (0x1f8a, "\u{1f02}\u{3b9}"),
    (0x1f8b, "\u{1f03}\u{3b9}"),
    (0x1f8c, "\u{1f04}\u{3b9}"),
    (0x1f8d, "\u{1f05}\u{3b9}"),
    (0x1f8e, "\u{1f06}\u{3b9}"),
    (0x1f8f, "\u{1f07}\u{3b9}"),
    (0x1f90, "\u{1f20}\u{3b9}"),
    (0x1f91, "\u{1f21}\u{3b9}"),
    (0x1f92, "\u{1f22}\u{3b9}"),
    (0x1f93, "\u{1f23}\u{3b9}"),
    (0x1f94, "\u{1f24}\u{3b9}"),
    (0x1f95, "\u{1f25}\u{3b9}"),
    (0x1f96, "\u{1f26}\u{3b9}"),
    (0x1f97, "\u{1f27}\u{3b9}"),
    (0x1f98, "\u{1f20}\u{3b9}"),
    (0x1f99, "\u{1f21}\u{3b9}"),
    (0x1f9a, "\u{1f22}\u{3b9}"),
    (0x1f9b, "\u{1f23}\u{3b9}"),
    (0x1f9c, "\u{1f24}\u{3b9}"),
    (0x1f9d, "\u{1f25}\u{3b9}"),
    (0x1f9e, "\u{1f26}\u{3b9}"),
    (0x1f9f, "\u{1f27}\u{3b9}"),
    (0x1fa0, "\u{1f60}\u{3b9}"),
    (0x1fa1, "\u{1f61}\u{3b9}"),
    (0x1fa2, "\u{1f62}\u{3b9}"),
    (0x1fa3, "\u{1f63}\u{3b9}"),
    (0x1fa4, "\u{1f64}\u{3b9}"),
    (0x1fa5, "\u{1f65}\u{3b9}"),
    (0x1fa6, "\u{1f66}\u{3b9}"),
    (0x1fa7, "\u{1f67}\u{3b9}"),
    (0x1fa8, "\u{1f60}\u{3b9}"),
    (0x1fa9, "\u{1f61}\u{3b9}"),
    (0x1faa, "\u{1f62}\u{3b9}"),
    (0x1fab, "\u{1f63}\u{3b9}"),
    (0x1fac, "\u{1f64}\u{3b9}"),
    (0x1fad, "\u{1f65}\u{3b9}"),
    (0x1fae, "\u{1f66}\u{3b9}"),
    (0x1faf, "\u{1f67}\u{3b9}"),
    (0x1fb2, "\u{1f70}\u{3b9}"),
    (0x1fb3, "\u{3b1}\u{3b9}"),
    (0x1fb4, "\u{3ac}\u{3b9}"),
    (0x1fb6, "\u{3b1}\u{342}"),
    (0x1fb7, "\u{3b1}\u{342}\u{3b9}"),
    (0x1fb8, "\u{1fb0}"),
    (0x1fb9, "\u{1fb1}"),
    (0x1fba, "\u{1f70}"),
    (0x1fbb, "\u{1f71}"),
    (0x1fbc, "\u{3b1}\u{3b9}"),
    (0x1fbe, "\u{3b9}"),
    (0x1fc2, "\u{1f74}\u{3b9}"),
    (0x1fc3, "\u{3b7}\u{3b9}"),
    (0x1fc4, "\u{3ae}\u{3b9}"),
    (0x1fc6, "\u{3b7}\u{342}"),
    (0x1fc7, "\u{3b7}\u{342}\u{3b9}"),
    (0x1fc8, "\u{1f72}"),
    (0x1fc9, "\u{1f73}"),
    (0x1fca, "\u{1f74}"),
    (0x1fcb, "\u{1f75}"),
    (0x1fcc, "\u{3b7}\u{3b9}"),
    (0x1fd2, "\u{3b9}\u{308}\u{300}"),
    (0x1fd3, "\u{3b9}\u{308}\u{301}"),
    (0x1fd6, "\u{3b9}\u{342}"),
    (0x1fd7, "\u{3b9}\u{308}\u{342}"),
    (0x1fd8, "\u{1fd0}"),
    (0x1fd9, "\u{1fd1}"),
    (0x1fda, "\u{1f76}"),
    (0x1fdb, "\u{1f77}"),
    (0x1fe2, "\u{3c5}\u{308}\u{300}"),
    (0x1fe3, "\u{3c5}\u{308}\u{301}"),
    (0x1fe4, "\u{3c1}\u{313}"),
    (0x1fe6, "\u{3c5}\u{342}"),
    (0x1fe7, "\u{3c5}\u{308}\u{342}"),
    (0x1fe8, "\u{1fe0}"),
    (0x1fe9, "\u{1fe1}"),
    (0x1fea, "\u{1f7a}"),
    (0x1feb, "\u{1f7b}"),
    (0x1fec, "\u{1fe5}"),
    (0x1ff2, "\u{1f7c}\u{3b9}"),
    (0x1ff3, "\u{3c9}\u{3b9}"),
    (0x1ff4, "\u{3ce}\u{3b9}"),
    (0x1ff6, "\u{3c9}\u{342}"),
    (0x1ff7, "\u{3c9}\u{342}\u{3b9}"),
    (0x1ff8, "\u{1f78}"),
    (0x1ff9, "\u{1f79}"),
    (0x1ffa, "\u{1f7c}"),
    (0x1ffb, "\u{1f7d}"),
    (0x1ffc, "\u{3c9}\u{3b9}"),
    (0x2126, "\u{3c9}"),
    (0x212a, "\u{6b}"),
    (0x212b, "\u{e5}"),
    (0x2132, "\u{214e}"),
    (0x2160, "\u{2170}"),
    (0x2161, "\u{2171}"),
    (0x2162, "\u{2172}"),
    (0x2163, "\u{2173}"),
    (0x2164, "\u{2174}"),
    (0x2165, "\u{2175}"),
    (0x2166, "\u{2176}"),
    (0x2167, "\u{2177}"),
    (0x2168, "\u{2178}"),
    (0x2169, "\u{2179}"),
    (0x216a, "\u{217a}"),
    (0x216b, "\u{217b}"),
    (0x216c, "\u{217c}"),
    (0x216d, "\u{217d}"),
    (0x216e, "\u{217e}"),
    (0x216f, "\u{217f}"),
    (0x2183, "\u{2184}"),
    (0x24b6, "\u{24d0}"),
    (0x24b7, "\u{24d1}"),
    (0x24b8, "\u{24d2}"),
    (0x24b9, "\u{24d3}"),
    (0x24ba, "\u{24d4}"),
    (0x24bb, "\u{24d5}"),
    (0x24bc, "\u{24d6}"),
    (0x24bd, "\u{24d7}"),
    (0x24be, "\u{24d8}"),
    (0x24bf, "\u{24d9}"),
    (0x24c0, "\u{24da}"),
    (0x24c1, "\u{24db}"),
    (0x24c2, "\u{24dc}"),
    (0x24c3, "\u{24dd}"),
    (0x24c4, "\u{24de}"),
    (0x24c5, "\u{24df}"),
    (0x24c6, "\u{24e0}"),
    (0x24c7, "\u{24e1}"),
    (0x24c8, "\u{24e2}"),
    (0x24c9, "\u{24e3}"),
    (0x24ca, "\u{24e4}"),
    (0x24cb, "\u{24e5}"),
    (0x24cc, "\u{24e6}"),
    (0x24cd, "\u{24e7}"),
    (0x24ce, "\u{24e8}"),
    (0x24cf, "\u{24e9}"),
    (0x2c00, "\u{2c30}"),
    (0x2c01, "\u{2c31}"),
    (0x2c02, "\u{2c32}"),
    (0x2c03, "\u{2c33}"),
    (0x2c04, "\u{2c34}"),
    (0x2c05, "\u{2c35}"),
    (0x2c06, "\u{2c36}"),
    (0x2c07, "\u{2c37}"),
    (0x2c08, "\u{2c38}"),
    (0x2c09, "\u{2c39}"),
    (0x2c0a, "\u{2c3a}"),
    (0x2c0b, "\u{2c3b}"),
    (0x2c0c, "\u{2c3c}"),
    (0x2c0d, "\u{2c3d}"),
    (0x2c0e, "\u{2c3e}"),
    (0x2c0f, "\u{2c3f}"),
    (0x2c10, "\u{2c40}"),
    (0x2c11, "\u{2c41}"),
    (0x2c12, "\u{2c42}"),
    (0x2c13, "\u{2c43}"),
    (0x2c14, "\u{2c44}"),
    (0x2c15, "\u{2c45}"),
    (0x2c16, "\u{2c46}"),
    (0x2c17, "\u{2c47}"),
    (0x2c18, "\u{2c48}"),
    (0x2c19, "\u{2c49}"),
    (0x2c1a, "\u{2c4a}"),
    (0x2c1b, "\u{2c4b}"),
    (0x2c1c, "\u{2c4c}"),
    (0x2c1d, "\u{2c4d}"),
    (0x2c1e, "\u{2c4e}"),
    (0x2c1f, "\u{2c4f}"),
    (0x2c20, "\u{2c50}"),
    (0x2c21, "\u{2c51}"),
    (0x2c22, "\u{2c52}"),
    (0x2c23, "\u{2c53}"),
    (0x2c24, "\u{2c54}"),
    (0x2c25, "\u{2c55}"),
    (0x2c26, "\u{2c56}"),
    (0x2c27, "\u{2c57}"),
    (0x2c28, "\u{2c58}"),
    (0x2c29, "\u{2c59}"),
    (0x2c2a, "\u{2c5a}"),
    (0x2c2b, "\u{2c5b}"),
    (0x2c2c, "\u{2c5c}"),
    (0x2c2d, "\u{2c5d}"),
    (0x2c2e, "\u{2c5e}"),
    (0x2c2f, "\u{2c5f}"),
    (0x2c60, "\u{2c61}"),
    (0x2c62, "\u{26b}"),
    (0x2c63, "\u{1d7d}"),
    (0x2c64, "\u{27d}"),
    (0x2c67, "\u{2c68}"),
    (0x2c69, "\u{2c6a}"),
    (0x2c6b, "\u{2c6c}"),
    (0x2c6d, "\u{251}"),
    (0x2c6e, "\u{271}"),
    (0x2c6f, "\u{250}"),
    (0x2c70, "\u{252}"),
    (0x2c72, "\u{2c73}"),
    (0x2c75, "\u{2c76}"),
    (0x2c7e, "\u{23f}"),
    (0x2c7f, "\u{240}"),
    (0x2c80, "\u{2c81}"),
    (0x2c82, "\u{2c83}"),
    (0x2c84, "\u{2c85}"),
    (0x2c86, "\u{2c87}"),
    (0x2c88, "\u{2c89}"),
    (0x2c8a, "\u{2c8b}"),
    (0x2c8c, "\u{2c8d}"),
    (0x2c8e, "\u{2c8f}"),
    (0x2c90, "\u{2c91}"),
    (0x2c92, "\u{2c93}"),
    (0x2c94, "\u{2c95}"),
    (0x2c96, "\u{2c97}"),
    (0x2c98, "\u{2c99}"),
    (0x2c9a, "\u{2c9b}"),
    (0x2c9c, "\u{2c9d}"),
    (0x2c9e, "\u{2c9f}"),
    (0x2ca0, "\u{2ca1}"),
    (0x2ca2, "\u{2ca3}"),
    (0x2ca4, "\u{2ca5}"),
    (0x2ca6, "\u{2ca7}"),
    (0x2ca8, "\u{2ca9}"),
    (0x2caa, "\u{2cab}"),
    (0x2cac, "\u{2cad}"),
    (0x2cae, "\u{2caf}"),
    (0x2cb0, "\u{2cb1}"),
    (0x2cb2, "\u{2cb3}"),
    (0x2cb4, "\u{2cb5}"),
    (0x2cb6, "\u{2cb7}"),
    (0x2cb8, "\u{2cb9}"),
    (0x2cba, "\u{2cbb}"),
    (0x2cbc, "\u{2cbd}"),
    (0x2cbe, "\u{2cbf}"),
    (0x2cc0, "\u{2cc1}"),
    (0x2cc2, "\u{2cc3}"),
    (0x2cc4, "\u{2cc5}"),
    (0x2cc6, "\u{2cc7}"),
    (0x2cc8, "\u{2cc9}"),
    (0x2cca, "\u{2ccb}"),
    (0x2ccc, "\u{2ccd}"),
    (0x2cce, "\u{2ccf}"),
    (0x2cd0, "\u{2cd1}"),
    (0x2cd2, "\u{2cd3}"),
    (0x2cd4, "\u{2cd5}"),
    (0x2cd6, "\u{2cd7}"),
    (0x2cd8, "\u{2cd9}"),
    (0x2cda, "\u{2cdb}"),
    (0x2cdc, "\u{2cdd}"),
    (0x2cde, "\u{2cdf}"),
    (0x2ce0, "\u{2ce1}"),
    (0x2ce2, "\u{2ce3}"),
    (0x2ceb, "\u{2cec}"),
    (0x2ced, "\u{2cee}"),
    (0x2cf2, "\u{2cf3}"),
    (0xa640, "\u{a641}"),
    (0xa642, "\u{a643}"),
    (0xa644, "\u{a645}"),
    (0xa646, "\u{a647}"),
    (0xa648, "\u{a649}"),
    (0xa64a, "\u{a64b}"),
    (0xa64c, "\u{a64d}"),
    (0xa64e, "\u{a64f}"),
    (0xa650, "\u{a651}"),
    (0xa652, "\u{a653}"),
    (0xa654, "\u{a655}"),
    (0xa656, "\u{a657}"),
    (0xa658, "\u{a659}"),
    (0xa65a, "\u{a65b}"),
    (0xa65c, "\u{a65d}"),
    (0xa65e, "\u{a65f}"),
    (0xa660, "\u{a661}"),
    (0xa662, "\u{a663}"),
    (0xa664, "\u{a665}"),
    (0xa666, "\u{a667}"),
    (0xa668, "\u{a669}"),
    (0xa66a, "\u{a66b}"),
    (0xa66c, "\u{a66d}"),
    (0xa680, "\u{a681}"),
    (0xa682, "\u{a683}"),
    (0xa684, "\u{a685}"),
    (0xa686, "\u{a687}"),
    (0xa688, "\u{a689}"),
    (0xa68a, "\u{a68b}"),
    (0xa68c, "\u{a68d}"),
    (0xa68e, "\u{a68f}"),
    (0xa690, "\u{a691}"),
    (0xa692, "\u{a693}"),
    (0xa694, "\u{a695}"),
    (0xa696, "\u{a697}"),
    (0xa698, "\u{a699}"),
    (0xa69a, "\u{a69b}"),
    (0xa722, "\u{a723}"),
    (0xa724, "\u{a725}"),
    (0xa726, "\u{a727}"),
    (0xa728, "\u{a729}"),
    (0xa72a, "\u{a72b}"),
    (0xa72c, "\u{a72d}"),
    (0xa72e, "\u{a72f}"),
    (0xa732, "\u{a733}"),
    (0xa734, "\u{a735}"),
    (0xa736, "\u{a737}"),
    (0xa738, "\u{a739}"),
    (0xa73a, "\u{a73b}"),
    (0xa73c, "\u{a73d}"),
    (0xa73e, "\u{a73f}"),
    (0xa740, "\u{a741}"),
    (0xa742, "\u{a743}"),
    (0xa744, "\u{a745}"),
    (0xa746, "\u{a747}"),
    (0xa748, "\u{a749}"),
    (0xa74a, "\u{a74b}"),
    (0xa74c, "\u{a74d}"),
    (0xa74e, "\u{a74f}"),
    (0xa750, "\u{a751}"),
    (0xa752, "\u{a753}"),
    (0xa754, "\u{a755}"),
    (0xa756, "\u{a757}"),
    (0xa758, "\u{a759}"),
    (0xa75a, "\u{a75b}"),
    (0xa75c, "\u{a75d}"),
    (0xa75e, "\u{a75f}"),
    (0xa760, "\u{a761}"),
    (0xa762, "\u{a763}"),
    (0xa764, "\u{a765}"),
    (0xa766, "\u{a767}"),
    (0xa768, "\u{a769}"),
    (0xa76a, "\u{a76b}"),
    (0xa76c, "\u{a76d}"),
    (0xa76e, "\u{a76f}"),
    (0xa779, "\u{a77a}"),
    (0xa77b, "\u{a77c}"),
    (0xa77d, "\u{1d79}"),
    (0xa77e, "\u{a77f}"),
    (0xa780, "\u{a781}"),
    (0xa782, "\u{a783}"),
    (0xa784, "\u{a785}"),
    (0xa786, "\u{a787}"),
    (0xa78b, "\u{a78c}"),
    (0xa78d, "\u{265}"),
    (0xa790, "\u{a791}"),
    (0xa792, "\u{a793}"),
    (0xa796, "\u{a797}"),
    (0xa798, "\u{a799}"),
    (0xa79a, "\u{a79b}"),
    (0xa79c, "\u{a79d}"),
    (0xa79e, "\u{a79f}"),
    (0xa7a0, "\u{a7a1}"),
    (0xa7a2, "\u{a7a3}"),
    (0xa7a4, "\u{a7a5}"),
    (0xa7a6, "\u{a7a7}"),
    (0xa7a8, "\u{a7a9}"),
    (0xa7aa, "\u{266}"),
    (0xa7ab, "\u{25c}"),
    (0xa7ac, "\u{261}"),
    (0xa7ad, "\u{26c}"),
    (0xa7ae, "\u{26a}"),
    (0xa7b0, "\u{29e}"),
    (0xa7b1, "\u{287}"),
    (0xa7b2, "\u{29d}"),
    (0xa7b3, "\u{ab53}"),
    (0xa7b4, "\u{a7b5}"),
    (0xa7b6, "\u{a7b7}"),
    (0xa7b8, "\u{a7b9}"),
    (0xa7ba, "\u{a7bb}"),
    (0xa7bc, "\u{a7bd}"),
    (0xa7be, "\u{a7bf}"),
    (0xa7c0, "\u{a7c1}"),
    (0xa7c2, "\u{a7c3}"),
    (0xa7c4, "\u{a794}"),
    (0xa7c5, "\u{282}"),
    (0xa7c6, "\u{1d8e}"),
    (0xa7c7, "\u{a7c8}"),
    (0xa7c9, "\u{a7ca}"),
    (0xa7cb, "\u{264}"),
    (0xa7cc, "\u{a7cd}"),
    (0xa7d0, "\u{a7d1}"),
    (0xa7d6, "\u{a7d7}"),
    (0xa7d8, "\u{a7d9}"),
    (0xa7da, "\u{a7db}"),
    (0xa7dc, "\u{19b}"),
    (0xa7f5, "\u{a7f6}"),
    (0xab70, "\u{13a0}"),
    (0xab71, "\u{13a1}"),
    (0xab72, "\u{13a2}"),
    (0xab73, "\u{13a3}"),
    (0xab74, "\u{13a4}"),
    (0xab75, "\u{13a5}"),
    (0xab76, "\u{13a6}"),
    (0xab77, "\u{13a7}"),
    (0xab78, "\u{13a8}"),
    (0xab79, "\u{13a9}"),
    (0xab7a, "\u{13aa}"),
    (0xab7b, "\u{13ab}"),
    (0xab7c, "\u{13ac}"),
    (0xab7d, "\u{13ad}"),
    (0xab7e, "\u{13ae}"),
    (0xab7f, "\u{13af}"),
    (0xab80, "\u{13b0}"),
    (0xab81, "\u{13b1}"),
    (0xab82, "\u{13b2}"),
    (0xab83, "\u{13b3}"),
    (0xab84, "\u{13b4}"),
    (0xab85, "\u{13b5}"),
    (0xab86, "\u{13b6}"),
    (0xab87, "\u{13b7}"),
    (0xab88, "\u{13b8}"),
    (0xab89, "\u{13b9}"),
    (0xab8a, "\u{13ba}"),
    (0xab8b, "\u{13bb}"),
    (0xab8c, "\u{13bc}"),
    (0xab8d, "\u{13bd}"),
    (0xab8e, "\u{13be}"),
    (0xab8f, "\u{13bf}"),
    (0xab90, "\u{13c0}"),
    (0xab91, "\u{13c1}"),
    (0xab92, "\u{13c2}"),
    (0xab93, "\u{13c3}"),
    (0xab94, "\u{13c4}"),
    (0xab95, "\u{13c5}"),
    (0xab96, "\u{13c6}"),
    (0xab97, "\u{13c7}"),
    (0xab98, "\u{13c8}"),
    (0xab99, "\u{13c9}"),
    (0xab9a, "\u{13ca}"),
    (0xab9b, "\u{13cb}"),
    (0xab9c, "\u{13cc}"),
    (0xab9d, "\u{13cd}"),
    (0xab9e, "\u{13ce}"),
    (0xab9f, "\u{13cf}"),
    (0xaba0, "\u{13d0}"),
    (0xaba1, "\u{13d1}"),
    (0xaba2, "\u{13d2}"),
    (0xaba3, "\u{13d3}"),
    (0xaba4, "\u{13d4}"),
    (0xaba5, "\u{13d5}"),
    (0xaba6, "\u{13d6}"),
    (0xaba7, "\u{13d7}"),
    (0xaba8, "\u{13d8}"),
    (0xaba9, "\u{13d9}"),
    (0xabaa, "\u{13da}"),
    (0xabab, "\u{13db}"),
    (0xabac, "\u{13dc}"),
    (0xabad, "\u{13dd}"),
    (0xabae, "\u{13de}"),
    (0xabaf, "\u{13df}"),
    (0xabb0, "\u{13e0}"),
    (0xabb1, "\u{13e1}"),
    (0xabb2, "\u{13e2}"),
    (0xabb3, "\u{13e3}"),
    (0xabb4, "\u{13e4}"),
    (0xabb5, "\u{13e5}"),
    (0xabb6, "\u{13e6}"),
    (0xabb7, "\u{13e7}"),
    (0xabb8, "\u{13e8}"),
    (0xabb9, "\u{13e9}"),
    (0xabba, "\u{13ea}"),
    (0xabbb, "\u{13eb}"),
    (0xabbc, "\u{13ec}"),
    (0xabbd, "\u{13ed}"),
    (0xabbe, "\u{13ee}"),
    (0xabbf, "\u{13ef}"),
    (0xfb00, "\u{66}\u{66}"),
    (0xfb01, "\u{66}\u{69}"),
    (0xfb02, "\u{66}\u{6c}"),
    (0xfb03, "\u{66}\u{66}\u{69}"),
    (0xfb04, "\u{66}\u{66}\u{6c}"),
    (0xfb05, "\u{73}\u{74}"),
    (0xfb06, "\u{73}\u{74}"),
    (0xfb13, "\u{574}\u{576}"),
    (0xfb14, "\u{574}\u{565}"),
    (0xfb15, "\u{574}\u{56b}"),
    (0xfb16, "\u{57e}\u{576}"),
    (0xfb17, "\u{574}\u{56d}"),
    (0xff21, "\u{ff41}"),
    (0xff22, "\u{ff42}"),
    (0xff23, "\u{ff43}"),
    (0xff24, "\u{ff44}"),
    (0xff25, "\u{ff45}"),
    (0xff26, "\u{ff46}"),
    (0xff27, "\u{ff47}"),
    (0xff28, "\u{ff48}"),
    (0xff29, "\u{ff49}"),
    (0xff2a, "\u{ff4a}"),
    (0xff2b, "\u{ff4b}"),
    (0xff2c, "\u{ff4c}"),
    (0xff2d, "\u{ff4d}"),
    (0xff2e, "\u{ff4e}"),
    (0xff2f, "\u{ff4f}"),
    (0xff30, "\u{ff50}"),
    (0xff31, "\u{ff51}"),
    (0xff32, "\u{ff52}"),
    (0xff33, "\u{ff53}"),
    (0xff34, "\u{ff54}"),
    (0xff35, "\u{ff55}"),
    (0xff36, "\u{ff56}"),
    (0xff37, "\u{ff57}"),
    (0xff38, "\u{ff58}"),
    (0xff39, "\u{ff59}"),
    (0xff3a, "\u{ff5a}"),
    (0x10400, "\u{10428}"),
    (0x10401, "\u{10429}"),
    (0x10402, "\u{1042a}"),
    (0x10403, "\u{1042b}"),
    (0x10404, "\u{1042c}"),
    (0x10405, "\u{1042d}"),
    (0x10406, "\u{1042e}"),
    (0x10407, "\u{1042f}"),
    (0x10408, "\u{10430}"),
    (0x10409, "\u{10431}"),
    (0x1040a, "\u{10432}"),
    (0x1040b, "\u{10433}"),
    (0x1040c, "\u{10434}"),
    (0x1040d, "\u{10435}"),
    (0x1040e, "\u{10436}"),
    (0x1040f, "\u{10437}"),
    (0x10410, "\u{10438}"),
    (0x10411, "\u{10439}"),
    (0x10412, "\u{1043a}"),
    (0x10413, "\u{1043b}"),
    (0x10414, "\u{1043c}"),
    (0x10415, "\u{1043d}"),
    (0x10416, "\u{1043e}"),
    (0x10417, "\u{1043f}"),
    (0x10418, "\u{10440}"),
    (0x10419, "\u{10441}"),
    (0x1041a, "\u{10442}"),
    (0x1041b, "\u{10443}"),
    (0x1041c, "\u{10444}"),
    (0x1041d, "\u{10445}"),
    (0x1041e, "\u{10446}"),
    (0x1041f, "\u{10447}"),
    (0x10420, "\u{10448}"),
    (0x10421, "\u{10449}"),
    (0x10422, "\u{1044a}"),
    (0x10423, "\u{1044b}"),
    (0x10424, "\u{1044c}"),
    (0x10425, "\u{1044d}"),
    (0x10426, "\u{1044e}"),
    (0x10427, "\u{1044f}"),
    (0x104b0, "\u{104d8}"),
    (0x104b1, "\u{104d9}"),
    (0x104b2, "\u{104da}"),
    (0x104b3, "\u{104db}"),
    (0x104b4, "\u{104dc}"),
    (0x104b5, "\u{104dd}"),
    (0x104b6, "\u{104de}"),
    (0x104b7, "\u{104df}"),
    (0x104b8, "\u{104e0}"),
    (0x104b9, "\u{104e1}"),
    (0x104ba, "\u{104e2}"),
    (0x104bb, "\u{104e3}"),
    (0x104bc, "\u{104e4}"),
    (0x104bd, "\u{104e5}"),
    (0x104be, "\u{104e6}"),
    (0x104bf, "\u{104e7}"),
    (0x104c0, "\u{104e8}"),
    (0x104c1, "\u{104e9}"),
    (0x104c2, "\u{104ea}"),
    (0x104c3, "\u{104eb}"),
    (0x104c4, "\u{104ec}"),
    (0x104c5, "\u{104ed}"),
    (0x104c6, "\u{104ee}"),
    (0x104c7, "\u{104ef}"),
    (0x104c8, "\u{104f0}"),
    (0x104c9, "\u{104f1}"),
    (0x104ca, "\u{104f2}"),
    (0x104cb, "\u{104f3}"),
    (0x104cc, "\u{104f4}"),
    (0x104cd, "\u{104f5}"),
    (0x104ce, "\u{104f6}"),
    (0x104cf, "\u{104f7}"),
    (0x104d0, "\u{104f8}"),
    (0x104d1, "\u{104f9}"),
    (0x104d2, "\u{104fa}"),
    (0x104d3, "\u{104fb}"),
    (0x10570, "\u{10597}"),
    (0x10571, "\u{10598}"),
    (0x10572, "\u{10599}"),
    (0x10573, "\u{1059a}"),
    (0x10574, "\u{1059b}"),
    (0x10575, "\u{1059c}"),
    (0x10576, "\u{1059d}"),
    (0x10577, "\u{1059e}"),
    (0x10578, "\u{1059f}"),
    (0x10579, "\u{105a0}"),
    (0x1057a, "\u{105a1}"),
    (0x1057c, "\u{105a3}"),
    (0x1057d, "\u{105a4}"),
    (0x1057e, "\u{105a5}"),
    (0x1057f, "\u{105a6}"),
    (0x10580, "\u{105a7}"),
    (0x10581, "\u{105a8}"),
    (0x10582, "\u{105a9}"),
    (0x10583, "\u{105aa}"),
    (0x10584, "\u{105ab}"),
    (0x10585, "\u{105ac}"),
    (0x10586, "\u{105ad}"),
    (0x10587, "\u{105ae}"),
    (0x10588, "\u{105af}"),
    (0x10589, "\u{105b0}"),
    (0x1058a, "\u{105b1}"),
    (0x1058c, "\u{105b3}"),
    (0x1058d, "\u{105b4}"),
    (0x1058e, "\u{105b5}"),
    (0x1058f, "\u{105b6}"),
    (0x10590, "\u{105b7}"),
    (0x10591, "\u{105b8}"),
    (0x10592, "\u{105b9}"),
    (0x10594, "\u{105bb}"),
    (0x10595, "\u{105bc}"),
    (0x10c80, "\u{10cc0}"),
    (0x10c81, "\u{10cc1}"),
    (0x10c82, "\u{10cc2}"),
    (0x10c83, "\u{10cc3}"),
    (0x10c84, "\u{10cc4}"),
    (0x10c85, "\u{10cc5}"),
    (0x10c86, "\u{10cc6}"),
    (0x10c87, "\u{10cc7}"),
    (0x10c88, "\u{10cc8}"),
    (0x10c89, "\u{10cc9}"),
    (0x10c8a, "\u{10cca}"),
    (0x10c8b, "\u{10ccb}"),
    (0x10c8c, "\u{10ccc}"),
    (0x10c8d, "\u{10ccd}"),
    (0x10c8e, "\u{10cce}"),
    (0x10c8f, "\u{10ccf}"),
    (0x10c90, "\u{10cd0}"),
    (0x10c91, "\u{10cd1}"),
    (0x10c92, "\u{10cd2}"),
    (0x10c93, "\u{10cd3}"),
    (0x10c94, "\u{10cd4}"),
    (0x10c95, "\u{10cd5}"),
    (0x10c96, "\u{10cd6}"),
    (0x10c97, "\u{10cd7}"),
    (0x10c98, "\u{10cd8}"),
    (0x10c99, "\u{10cd9}"),
    (0x10c9a, "\u{10cda}"),
    (0x10c9b, "\u{10cdb}"),
    (0x10c9c, "\u{10cdc}"),
    (0x10c9d, "\u{10cdd}"),
    (0x10c9e, "\u{10cde}"),
    (0x10c9f, "\u{10cdf}"),
    (0x10ca0, "\u{10ce0}"),
    (0x10ca1, "\u{10ce1}"),
    (0x10ca2, "\u{10ce2}"),
    (0x10ca3, "\u{10ce3}"),
    (0x10ca4, "\u{10ce4}"),
    (0x10ca5, "\u{10ce5}"),
    (0x10ca6, "\u{10ce6}"),
    (0x10ca7, "\u{10ce7}"),
    (0x10ca8, "\u{10ce8}"),
    (0x10ca9, "\u{10ce9}"),
    (0x10caa, "\u{10cea}"),
    (0x10cab, "\u{10ceb}"),
    (0x10cac, "\u{10cec}"),
    (0x10cad, "\u{10ced}"),
    (0x10cae, "\u{10cee}"),
    (0x10caf, "\u{10cef}"),
    (0x10cb0, "\u{10cf0}"),
    (0x10cb1, "\u{10cf1}"),
    (0x10cb2, "\u{10cf2}"),
    (0x10d50, "\u{10d70}"),
    (0x10d51, "\u{10d71}"),
    (0x10d52, "\u{10d72}"),
    (0x10d53, "\u{10d73}"),
    (0x10d54, "\u{10d74}"),
    (0x10d55, "\u{10d75}"),
    (0x10d56, "\u{10d76}"),
    (0x10d57, "\u{10d77}"),
    (0x10d58, "\u{10d78}"),
    (0x10d59, "\u{10d79}"),
    (0x10d5a, "\u{10d7a}"),
    (0x10d5b, "\u{10d7b}"),
    (0x10d5c, "\u{10d7c}"),
    (0x10d5d, "\u{10d7d}"),
    (0x10d5e, "\u{10d7e}"),
    (0x10d5f, "\u{10d7f}"),
    (0x10d60, "\u{10d80}"),
    (0x10d61, "\u{10d81}"),
    (0x10d62, "\u{10d82}"),
    (0x10d63, "\u{10d83}"),
    (0x10d64, "\u{10d84}"),
    (0x10d65, "\u{10d85}"),
    (0x118a0, "\u{118c0}"),
    (0x118a1, "\u{118c1}"),
    (0x118a2, "\u{118c2}"),
    (0x118a3, "\u{118c3}"),
    (0x118a4, "\u{118c4}"),
    (0x118a5, "\u{118c5}"),
    (0x118a6, "\u{118c6}"),
    (0x118a7, "\u{118c7}"),
    (0x118a8, "\u{118c8}"),
    (0x118a9, "\u{118c9}"),
    (0x118aa, "\u{118ca}"),
    (0x118ab, "\u{118cb}"),
    (0x118ac, "\u{118cc}"),
    (0x118ad, "\u{118cd}"),
    (0x118ae, "\u{118ce}"),
    (0x118af, "\u{118cf}"),
    (0x118b0, "\u{118d0}"),
    (0x118b1, "\u{118d1}"),
    (0x118b2, "\u{118d2}"),
    (0x118b3, "\u{118d3}"),
    (0x118b4, "\u{118d4}"),
    (0x118b5, "\u{118d5}"),
    (0x118b6, "\u{118d6}"),
    (0x118b7, "\u{118d7}"),
    (0x118b8, "\u{118d8}"),
    (0x118b9, "\u{118d9}"),
    (0x118ba, "\u{118da}"),
    (0x118bb, "\u{118db}"),
    (0x118bc, "\u{118dc}"),
    (0x118bd, "\u{118dd}"),
    (0x118be, "\u{118de}"),
    (0x118bf, "\u{118df}"),
    (0x16e40, "\u{16e60}"),
    (0x16e41, "\u{16e61}"),
    (0x16e42, "\u{16e62}"),
    (0x16e43, "\u{16e63}"),
    (0x16e44, "\u{16e64}"),
    (0x16e45, "\u{16e65}"),
    (0x16e46, "\u{16e66}"),
    (0x16e47, "\u{16e67}"),
    (0x16e48, "\u{16e68}"),
    (0x16e49, "\u{16e69}"),
    (0x16e4a, "\u{16e6a}"),
    (0x16e4b, "\u{16e6b}"),
    (0x16e4c, "\u{16e6c}"),
    (0x16e4d, "\u{16e6d}"),
    (0x16e4e, "\u{16e6e}"),
    (0x16e4f, "\u{16e6f}"),
    (0x16e50, "\u{16e70}"),
    (0x16e51, "\u{16e71}"),
    (0x16e52, "\u{16e72}"),
    (0x16e53, "\u{16e73}"),
    (0x16e54, "\u{16e74}"),
    (0x16e55, "\u{16e75}"),
    (0x16e56, "\u{16e76}"),
    (0x16e57, "\u{16e77}"),
    (0x16e58, "\u{16e78}"),
    (0x16e59, "\u{16e79}"),
    (0x16e5a, "\u{16e7a}"),
    (0x16e5b, "\u{16e7b}"),
    (0x16e5c, "\u{16e7c}"),
    (0x16e5d, "\u{16e7d}"),
    (0x16e5e, "\u{16e7e}"),
    (0x16e5f, "\u{16e7f}"),
    (0x1e900, "\u{1e922}"),
    (0x1e901, "\u{1e923}"),
    (0x1e902, "\u{1e924}"),
    (0x1e903, "\u{1e925}"),
    (0x1e904, "\u{1e926}"),
    (0x1e905, "\u{1e927}"),
    (0x1e906, "\u{1e928}"),
    (0x1e907, "\u{1e929}"),
    (0x1e908, "\u{1e92a}"),
    (0x1e909, "\u{1e92b}"),
    (0x1e90a, "\u{1e92c}"),
    (0x1e90b, "\u{1e92d}"),
    (0x1e90c, "\u{1e92e}"),
    (0x1e90d, "\u{1e92f}"),
    (0x1e90e, "\u{1e930}"),
    (0x1e90f, "\u{1e931}"),
    (0x1e910, "\u{1e932}"),
    (0x1e911, "\u{1e933}"),
    (0x1e912, "\u{1e934}"),
    (0x1e913, "\u{1e935}"),
    (0x1e914, "\u{1e936}"),
    (0x1e915, "\u{1e937}"),
    (0x1e916, "\u{1e938}"),
    (0x1e917, "\u{1e939}"),
    (0x1e918, "\u{1e93a}"),
    (0x1e919, "\u{1e93b}"),
    (0x1e91a, "\u{1e93c}"),
    (0x1e91b, "\u{1e93d}"),
    (0x1e91c, "\u{1e93e}"),
    (0x1e91d, "\u{1e93f}"),
    (0x1e91e, "\u{1e940}"),
    (0x1e91f, "\u{1e941}"),
    (0x1e920, "\u{1e942}"),
    (0x1e921, "\u{1e943}"),
];

fn ranged_value<T: Copy + Default>(codepoint: u32, ranges: &[(u32, u32, T)]) -> T {
    let index = ranges.partition_point(|(start, _, _)| *start <= codepoint);
    if index == 0 {
        return T::default();
    }
    let (start, end, value) = ranges[index - 1];
    if codepoint >= start && codepoint <= end {
        value
    } else {
        T::default()
    }
}

fn has(character: char, flag: u16) -> bool {
    ranged_value(character as u32, PROPERTIES) & flag != 0
}

pub fn is_alpha(character: char) -> bool {
    has(character, ALPHA)
}
pub fn is_alphanumeric(character: char) -> bool {
    has(character, ALNUM)
}
pub fn is_lower(character: char) -> bool {
    has(character, LOWER)
}
pub fn is_upper(character: char) -> bool {
    has(character, UPPER)
}
pub fn is_cased(character: char) -> bool {
    has(character, CASED)
}
pub fn is_space(character: char) -> bool {
    has(character, SPACE)
}
pub fn is_digit(character: char) -> bool {
    has(character, DIGIT)
}

pub fn is_attachment(character: char) -> bool {
    let codepoint = character as u32;
    has(character, MARK)
        || (0xfe00..=0xfe0f).contains(&codepoint)
        || (0xe0100..=0xe01ef).contains(&codepoint)
        || (0x1f3fb..=0x1f3ff).contains(&codepoint)
}

pub fn is_separator(character: char) -> bool {
    has(character, SPACE | SEPARATOR)
}

pub fn script(character: char) -> u8 {
    ranged_value(character as u32, SCRIPTS)
}

pub fn is_unsegmented(script: u8) -> bool {
    matches!(script, 19 | 20 | 22 | 24 | 27 | 29 | 30 | 31)
}

pub fn case_fold(text: &str) -> String {
    let mut out = String::with_capacity(text.len());
    for character in text.chars() {
        match CASEFOLD.binary_search_by_key(&(character as u32), |(key, _)| *key) {
            Ok(index) => out.push_str(CASEFOLD[index].1),
            Err(_) => out.push(character),
        }
    }
    out
}
